"","Gracz","Pozycja","Urodziny","Wiek","Pierwsza narodowość","Druga narodowość","Wzrost","Lepsza noga","Data dołączenia","Poprzedni klub","Data wygaśnięcia kontraktu","Wartość rynkowa","Liga"
"1","Vladan Kovacevic","Goalkeeper","Apr 11, 1998","24","Bosnia-Herzegovina","Serbia",192,"right","Jul 1, 2021","FK Sarajevo","Jun 30, 2026","€5.00m","Ekstraklasa"
"2","Kacper Trelowski","Goalkeeper","Aug 19, 2003","19","Poland",NA,193,"both","Aug 23, 2019","Rakow Czestochowa II","Jun 30, 2025","€700k","Ekstraklasa"
"3","Xavier Dziekonski","Goalkeeper","Oct 6, 2003","19","Poland",NA,188,"right","Jul 12, 2022","Jagiellonia Bialystok","Jun 30, 2025","€450k","Ekstraklasa"
"4","Jakub Rajczykowski","Goalkeeper","Feb 4, 2005","17","Poland",NA,NA," ","Jul 21, 2022","Rakow Czestochowa II","Jun 30, 2025","€25k","Ekstraklasa"
"5","Stratos Svarnas","Centre-Back","Nov 11, 1997","25","Greece",NA,186,"right","Jul 1, 2022","AEK Athens","Jun 30, 2023","€2.00m","Ekstraklasa"
"6","Zoran Arsenic","Centre-Back","Jun 2, 1994","28","Croatia",NA,188,"right","Jul 1, 2021","Jagiellonia Bialystok","Jun 30, 2026","€1.50m","Ekstraklasa"
"7","Adrian Gryszkiewicz","Centre-Back","Dec 13, 1999","23","Poland",NA,185,"left","Jan 10, 2023","SC Paderborn 07","-","€600k","Ekstraklasa"
"8","Bogdan Racovitan","Centre-Back","Jun 6, 2000","22","Romania","France",187," ","Jan 27, 2022","FC Botosani","Jun 30, 2025","€600k","Ekstraklasa"
"9","Tomas Petrasek","Centre-Back","Mar 2, 1992","30","Czech Republic",NA,199,"right","Jul 1, 2016","FK Viktoria Zizkov","Jun 30, 2023","€500k","Ekstraklasa"
"10","Milan Rundic","Centre-Back","Mar 29, 1992","30","Serbia",NA,188,"left","Jul 1, 2021","Podbeskidzie Bielsko-Biala","Jun 30, 2023","€400k","Ekstraklasa"
"11","Andrzej Niewulis","Centre-Back","Apr 21, 1989","33","Poland",NA,187,"right","Jul 1, 2017","Znicz Pruszkow","Jun 30, 2024","€150k","Ekstraklasa"
"12","Giannis Papanikolaou","Defensive Midfield","Nov 18, 1998","24","Greece",NA,182,"left","Aug 11, 2020","Panionios Athens","Jun 30, 2025","€1.80m","Ekstraklasa"
"13","Ben Lederman","Central Midfield","May 8, 2000","22","Poland","Israel",178,"left","Feb 25, 2020","Hakoah Amidar Ramat Gan","Jun 30, 2024","€1.00m","Ekstraklasa"
"14","Gustav Berggren","Central Midfield","Sep 7, 1997","25","Sweden",NA,187,"right","Jul 29, 2022","BK Häcken","Jun 30, 2025","€700k","Ekstraklasa"
"15","Szymon Czyz","Central Midfield","Jul 8, 2001","21","Poland",NA,176,"right","Jan 10, 2022","Warta Poznan","Jun 30, 2025","€500k","Ekstraklasa"
"16","Valeriane Gvilia","Central Midfield","May 24, 1994","28","Georgia","Ukraine",182,"right","Aug 31, 2021","Legia Warszawa","Jun 30, 2023","€400k","Ekstraklasa"
"17","Fran Tudor","Right Midfield","Sep 27, 1995","27","Croatia",NA,173,"right","Jan 1, 2020","Without Club","Jun 30, 2027","€2.50m","Ekstraklasa"
"18","Deian Sorescu","Right Midfield","Aug 29, 1997","25","Romania",NA,175,"right","Jan 21, 2022","FC Dinamo 1948","Jun 30, 2025","€1.50m","Ekstraklasa"
"19","Wiktor Dlugosz","Right Midfield","Jul 1, 2000","22","Poland",NA,183,"right","Feb 4, 2021","Korona Kielce","Jun 30, 2025","€400k","Ekstraklasa"
"20","Patryk Kun","Left Midfield","Apr 20, 1995","27","Poland",NA,165,"both","Jul 1, 2018","Rozwój Katowice","Jun 30, 2023","€1.50m","Ekstraklasa"
"21","Jean Carlos Silva","Left Midfield","May 10, 1996","26","Spain","Brazil",185,"right","Jan 1, 2023","Pogon Szczecin","Jun 30, 2026","€500k","Ekstraklasa"
"22","Ivi López","Attacking Midfield","Jun 29, 1994","28","Spain",NA,174,"right","Sep 1, 2020","Levante UD","Jun 30, 2026","€4.00m","Ekstraklasa"
"23","Bartosz Nowak","Attacking Midfield","Aug 25, 1993","29","Poland",NA,180,"right","Aug 3, 2022","Górnik Zabrze","Jun 30, 2025","€2.00m","Ekstraklasa"
"24","Vladyslav Kochergin","Attacking Midfield","Apr 30, 1996","26","Ukraine",NA,178,"right","Mar 26, 2022","Zorya Lugansk","Jun 30, 2025","€1.80m","Ekstraklasa"
"25","Mateusz Wdowiak","Attacking Midfield","Aug 28, 1996","26","Poland",NA,174,"right","Feb 15, 2021","Cracovia","Dec 31, 2024","€1.20m","Ekstraklasa"
"26","Marcin Cebula","Attacking Midfield","Dec 6, 1995","27","Poland",NA,177,"both","Aug 1, 2020","Korona Kielce","Jun 30, 2023","€500k","Ekstraklasa"
"27","Vladislavs Gutkovskis","Centre-Forward","Apr 2, 1995","27","Latvia",NA,187," ","Jul 1, 2020","Bruk-Bet Termalica Nieciecza","Jun 30, 2025","€1.20m","Ekstraklasa"
"28","Fabian Piasecki","Centre-Forward","May 4, 1995","27","Poland",NA,186,"right","Jul 1, 2022","Slask Wroclaw","Jun 30, 2026","€1.20m","Ekstraklasa"
"29","Sebastian Musiolik","Centre-Forward","May 19, 1996","26","Poland",NA,193,"left","Jul 1, 2018","ROW 1964 Rybnik","Jun 30, 2023","€250k","Ekstraklasa"
"30","Filip Bednarek","Goalkeeper","Sep 26, 1992","30","Poland",NA,188,"right","Jul 1, 2020","SC Heerenveen","Jun 30, 2025","€800k","Ekstraklasa"
"31","Dominik Holec","Goalkeeper","Jul 28, 1994","28","Slovakia",NA,191,"right","Jan 3, 2023","AC Sparta Prague","Jun 30, 2023","€500k","Ekstraklasa"
"32","Artur Rudko","Goalkeeper","May 7, 1992","30","Ukraine",NA,190,"right","Jul 2, 2022","Metalist Kharkiv","Jun 30, 2023","€400k","Ekstraklasa"
"33","Krzysztof Bakowski","Goalkeeper","Jan 4, 2003","20","Poland",NA,190,"both","Feb 4, 2019","Lech Poznan U19","Jun 30, 2024","€200k","Ekstraklasa"
"34","Filip Dagerstal","Centre-Back","Feb 1, 1997","25","Sweden",NA,189,"right","Jul 26, 2022","FK Khimki","Jun 30, 2023","€1.80m","Ekstraklasa"
"35","Antonio Milic","Centre-Back","Mar 10, 1994","28","Croatia",NA,190,"left","Jan 10, 2021","RSC Anderlecht","Jun 30, 2026","€1.50m","Ekstraklasa"
"36","Lubomir Satka","Centre-Back","Dec 2, 1995","27","Slovakia",NA,188,"right","Jul 19, 2019",": Ablöse €750k","Jun 30, 2023","€1.20m","Ekstraklasa"
"37","Bartosz Salamon","Centre-Back","May 1, 1991","31","Poland",NA,194,"right","Jan 9, 2021","SPAL","Jun 30, 2024","€800k","Ekstraklasa"
"38","Pedro Rebocho","Left-Back","Jan 23, 1995","27","Portugal",NA,171,"left","Aug 23, 2021","EA Guingamp","Jun 30, 2023","€900k","Ekstraklasa"
"39","Barry Douglas","Left-Back","Sep 4, 1989","33","UK",NA,176,"left","Jul 10, 2021","Leeds United","Jun 30, 2023","€400k","Ekstraklasa"
"40","Joel Pereira","Right-Back","Sep 28, 1996","26","Portugal",NA,178,"right","Jul 1, 2021","Omonia Nicosia","Jun 30, 2025","€2.00m","Ekstraklasa"
"41","Mateusz Zukowski","Right-Back","Nov 23, 2001","21","Poland",NA,185,"right","Aug 30, 2022","Rangers FC","Jun 30, 2023","€1.00m","Ekstraklasa"
"42","Alan Czerwinski","Right-Back","Feb 2, 1993","29","Poland",NA,181,"right","Aug 1, 2020","Zaglebie Lubin","Jun 30, 2025","€500k","Ekstraklasa"
"43","Jesper Karlström","Defensive Midfield","Jun 21, 1995","27","Sweden",NA,185,"right","Jan 1, 2021","Djurgårdens IF","Jun 30, 2024","€2.50m","Ekstraklasa"
"44","Nika Kvekveskiri","Defensive Midfield","May 29, 1992","30","Georgia",NA,186,"right","Jan 29, 2021","Tobol Kostanay","Jun 30, 2025","€850k","Ekstraklasa"
"45","Antoni Kozubal","Defensive Midfield","Aug 18, 2004","18","Poland",NA,177,"right","Jan 27, 2021","Lech Poznan II","Jun 30, 2024","€150k","Ekstraklasa"
"46","Radoslaw Murawski","Central Midfield","Apr 22, 1994","28","Poland",NA,173,"right","Jul 1, 2021","Denizlispor","Jun 30, 2024","€1.00m","Ekstraklasa"
"47","Afonso Sousa","Attacking Midfield","May 3, 2000","22","Portugal",NA,174,"right","Jul 1, 2022","B SAD","Jun 30, 2026","€1.80m","Ekstraklasa"
"48","João Amaral","Attacking Midfield","Sep 7, 1991","31","Portugal",NA,172,"both","Jul 21, 2018","SL Benfica","Jun 30, 2024","€1.20m","Ekstraklasa"
"49","Filip Marchwinski","Attacking Midfield","Jan 10, 2002","21","Poland",NA,187,"both","Dec 12, 2018","Lech Poznan U19","Jun 30, 2024","€800k","Ekstraklasa"
"50","Maksym Czekala","Attacking Midfield","Mar 5, 2004","18","Poland",NA,183,"left","May 13, 2022","Lech Poznan II","Dec 31, 2023","€25k","Ekstraklasa"
"51","Kristoffer Velde","Left Winger","Sep 9, 1999","23","Norway",NA,179,"right","Jan 12, 2022","FK Haugesund","Dec 31, 2025","€1.50m","Ekstraklasa"
"52","Jakub Antczak","Left Winger","Apr 29, 2004","18","Poland",NA,168,"right","Feb 1, 2022","Lech Poznan II","Jun 30, 2024","€50k","Ekstraklasa"
"53","Michal Skoras","Right Winger","Feb 15, 2000","22","Poland",NA,172,"right","Jul 1, 2019","Lech Poznan II","Jun 30, 2026","€3.50m","Ekstraklasa"
"54","Georgiy Tsitaishvili","Right Winger","Nov 18, 2000","22","Georgia","Ukraine",171,"left","Jul 1, 2022","Dynamo Kyiv","Jun 30, 2023","€800k","Ekstraklasa"
"55","Adriel Ba Loua","Right Winger","Jul 25, 1996","26","Cote d'Ivoire",NA,170,"left","Aug 27, 2021","FC Viktoria Plzen","Jun 30, 2025","€400k","Ekstraklasa"
"56","Mikael Ishak","Centre-Forward","Mar 31, 1993","29","Sweden",NA,185,"both","Jul 20, 2020","1.FC Nuremberg","Jun 30, 2025","€3.00m","Ekstraklasa"
"57","Filip Szymczak","Centre-Forward","May 6, 2002","20","Poland",NA,187,"both","May 1, 2019","Lech Poznan U19","Jun 30, 2025","€700k","Ekstraklasa"
"58","Artur Sobiech","Centre-Forward","Jun 12, 1990","32","Poland",NA,184,"right","Jul 1, 2021","Fatih Karagümrük","Jun 30, 2023","€150k","Ekstraklasa"
"59","Norbert Paclawski","Centre-Forward","Feb 19, 2004","18","Poland",NA,180,"right","Jan 27, 2021","Lech Poznan II","Jun 30, 2023","€100k","Ekstraklasa"
"60","Kacper Tobiasz","Goalkeeper","Nov 4, 2002","20","Poland",NA,191,"left","Oct 7, 2020","Legia Warsaw II","Jun 30, 2026","€1.50m","Ekstraklasa"
"61","Cezary Miszta","Goalkeeper","Oct 30, 2001","21","Poland",NA,192," ","Jan 1, 2019","Legia Warsaw II","Jun 30, 2025","€400k","Ekstraklasa"
"62","Dominik Hladun","Goalkeeper","Sep 17, 1995","27","Poland",NA,190,"left","Jul 1, 2022","Zaglebie Lubin","Jun 30, 2026","€150k","Ekstraklasa"
"63","Jakub Trojanowski","Goalkeeper","Jul 15, 2001","21","Poland",NA,190," ","Nov 4, 2022","Legia Warsaw II","Jun 30, 2023","€50k","Ekstraklasa"
"64","Maik Nawrocki","Centre-Back","Feb 7, 2001","21","Poland","Germany",191,"both","Jul 1, 2022","SV Werder Bremen","Jun 30, 2025","€1.80m","Ekstraklasa"
"65","Rafal Augustyniak","Centre-Back","Oct 14, 1993","29","Poland",NA,185,"right","Jul 30, 2022","Ural Yekaterinburg","Jun 30, 2025","€1.00m","Ekstraklasa"
"66","Lindsay Rose","Centre-Back","Feb 8, 1992","30","Mauritius","France",184,"right","Jul 1, 2021","Aris Thessaloniki","Jun 30, 2024","€500k","Ekstraklasa"
"67","Artur Jedrzejczyk","Centre-Back","Nov 4, 1987","35","Poland",NA,189,"right","Jan 4, 2017",": Ablöse €900k","Jun 30, 2023","€300k","Ekstraklasa"
"68","Bartosz Slisz","Defensive Midfield","Mar 29, 1999","23","Poland",NA,179,"right","Feb 28, 2020","Zaglebie Lubin","Dec 31, 2024","€1.50m","Ekstraklasa"
"69","Igor Kharatin","Defensive Midfield","Feb 2, 1995","27","Ukraine","Hungary",188,"right","Sep 1, 2021","Ferencvárosi TC","Jun 30, 2024","€600k","Ekstraklasa"
"70","Patryk Sokolowski","Defensive Midfield","Sep 25, 1994","28","Poland",NA,182," ","Jan 6, 2022","Piast Gliwice","Dec 31, 2023","€450k","Ekstraklasa"
"71","Jurgen Çelhaka","Defensive Midfield","Dec 6, 2000","22","Albania",NA,183,"right","Aug 28, 2021","KF Tirana","Jun 30, 2025","€300k","Ekstraklasa"
"72","Jakub Kisiel","Defensive Midfield","Feb 5, 2003","19","Poland",NA,184," ","Oct 7, 2020","Legia Warsaw II","Jun 30, 2025","€200k","Ekstraklasa"
"73","Pawel Wszolek","Right Midfield","Apr 30, 1992","30","Poland",NA,186,"right","Jul 7, 2022","1.FC Union Berlin","Jun 30, 2025","€1.20m","Ekstraklasa"
"74","Mattias Johansson","Right Midfield","Feb 16, 1992","30","Sweden",NA,174,"right","Jul 1, 2021","Genclerbirligi Ankara","Jun 30, 2023","€500k","Ekstraklasa"
"75","Nikodem Niski","Right Midfield","Apr 14, 2002","20","Poland",NA,178," ","Jul 14, 2020","Legia Warsaw II","Jun 30, 2023","€50k","Ekstraklasa"
"76","Filip Mladenovic","Left Midfield","Aug 15, 1991","31","Serbia",NA,180,"left","Jul 21, 2020","Lechia Gdansk","Jun 30, 2023","€1.50m","Ekstraklasa"
"77","Yuri Ribeiro","Left Midfield","Jan 24, 1997","25","Portugal","Switzerland",175,"left","Aug 23, 2021","Nottingham Forest","Jun 30, 2024","€400k","Ekstraklasa"
"78","Bartosz Kapustka","Attacking Midfield","Dec 23, 1996","26","Poland",NA,179,"right","Aug 13, 2020","Leicester City","Jun 30, 2023","€1.20m","Ekstraklasa"
"79","Josué","Attacking Midfield","Sep 17, 1990","32","Portugal",NA,174,"left","Jul 1, 2021","Hapoel Beer Sheva","Jun 30, 2023","€1.00m","Ekstraklasa"
"80","Makana Baku","Attacking Midfield","Apr 8, 1998","24","Germany","DR Congo",177,"right","Jul 2, 2022","Göztepe","Jun 30, 2025","€550k","Ekstraklasa"
"81","Robert Pich","Attacking Midfield","Nov 12, 1988","34","Slovakia",NA,173," ","Jul 1, 2022","Slask Wroclaw","Jun 30, 2024","€200k","Ekstraklasa"
"82","Igor Strzalek","Attacking Midfield","Jan 19, 2004","18","Poland",NA,183,"both","Feb 2, 2022","Legia Warsaw II","Dec 31, 2023","€50k","Ekstraklasa"
"83","Ernest Muci","Centre-Forward","Mar 19, 2001","21","Albania",NA,180,"both","Feb 23, 2021","KF Tirana","Jun 30, 2025","€1.50m","Ekstraklasa"
"84","Carlitos","Centre-Forward","Jun 12, 1990","32","Spain",NA,176,"right","Aug 16, 2022","Panathinaikos Athens","Jun 30, 2024","€1.00m","Ekstraklasa"
"85","Maciej Rosolek","Centre-Forward","Sep 2, 2001","21","Poland",NA,183,"both","Jul 5, 2019","Legia Warsaw U19","Jun 30, 2025","€700k","Ekstraklasa"
"86","Blaz Kramer","Centre-Forward","Jun 1, 1996","26","Slovenia",NA,191,"right","Jul 1, 2022","FC Zürich","Jun 30, 2025","€400k","Ekstraklasa"
"87","Dante Stipica","Goalkeeper","May 30, 1991","31","Croatia",NA,189," ","Jul 1, 2019",": Ablöse free transfer","Jun 30, 2026","€800k","Ekstraklasa"
"88","Bartosz Klebaniuk","Goalkeeper","Apr 3, 2002","20","Poland",NA,193,"both","Jul 1, 2021","Pogon Siedlce ","Jun 30, 2025","€300k","Ekstraklasa"
"89","Maciej Kowal","Goalkeeper","Dec 9, 2002","20","Poland",NA,195,"left","Jul 12, 2022","Siarka Tarnobrzeg","Jun 30, 2025","€25k","Ekstraklasa"
"90","Konstantinos Triantafyllopoulos","Centre-Back","Apr 3, 1993","29","Greece",NA,185,"right","Jul 1, 2019",": Ablöse free transfer","Jun 30, 2023","€800k","Ekstraklasa"
"91","Mariusz Malec","Centre-Back","Apr 4, 1995","27","Poland",NA,191,"left","Jul 1, 2018","Podbeskidzie Bielsko-Biala","Jun 30, 2024","€500k","Ekstraklasa"
"92","Benedikt Zech","Centre-Back","Nov 3, 1990","32","Austria",NA,186,"right","Jul 1, 2019","SCR Altach","Jun 30, 2025","€400k","Ekstraklasa"
"93","Bartlomiej Mruk","Centre-Back","Aug 21, 2001","21","Poland",NA,184,"left","Aug 1, 2020","Garbarnia Krakow","Jun 30, 2023","€50k","Ekstraklasa"
"94","Luís Mata","Left-Back","Jul 6, 1997","25","Portugal",NA,181,"left","Aug 1, 2020","FC Porto B","Jun 30, 2023","€1.00m","Ekstraklasa"
"95","Leonardo Koutris","Left-Back","Jul 23, 1995","27","Greece","Brazil",170,"left","Jan 1, 2023","Olympiacos Piraeus","Jun 30, 2026","€800k","Ekstraklasa"
"96","Léo Borges","Left-Back","Jan 3, 2001","22","Brazil",NA,179,"left","Jul 10, 2022","Sport Club Internacional","Jun 30, 2025","€450k","Ekstraklasa"
"97","Linus Wahlqvist","Right-Back","Nov 11, 1996","26","Sweden",NA,185,"right","Jan 1, 2023","IFK Norrköping","Jun 30, 2026","€1.20m","Ekstraklasa"
"98","Pawel Stolarski","Right-Back","Jan 28, 1996","26","Poland",NA,181,"right","Jan 1, 2021","Legia Warszawa","Jun 30, 2024","€300k","Ekstraklasa"
"99","Dawid Rezaeian","Right-Back","Jun 26, 2002","20","Poland","Iran",172,"right","Sep 20, 2021","Pogon Szczecin II","Jun 30, 2024","€50k","Ekstraklasa"
"100","Damian Dabrowski","Defensive Midfield","Aug 27, 1992","30","Poland",NA,178,"right","Aug 24, 2019","Cracovia","Jun 30, 2024","€1.20m","Ekstraklasa"
"101","Stanislaw Wawrzynowicz","Defensive Midfield","Mar 13, 1999","23","Poland",NA,177,"both","Jul 1, 2022","Pogon Szczecin II","Jun 30, 2025","€25k","Ekstraklasa"
"102","Mateusz Legowski","Central Midfield","Jan 29, 2003","19","Poland",NA,181,"right","Jan 27, 2021","Pogon Szczecin II","Jun 30, 2025","€1.50m","Ekstraklasa"
"103","Kamil Drygas","Central Midfield","Sep 7, 1991","31","Poland",NA,184,"left","Jul 1, 2016","Zawisza Bydgoszcz","Jun 30, 2024","€400k","Ekstraklasa"
"104","Kacper Smolinski","Central Midfield","Feb 7, 2001","21","Poland",NA,178,"left","Feb 21, 2019","Pogon Szczecin II","Jun 30, 2024","€400k","Ekstraklasa"
"105","Yadegar Rostami","Central Midfield","Jan 2, 2004","19","Iran",NA,NA,"right","Oct 27, 2022","Pogon Szczecin II","Jun 30, 2024","€25k","Ekstraklasa"
"106","Sebastian Kowalczyk","Attacking Midfield","Aug 22, 1998","24","Poland",NA,170,"right","Nov 25, 2016","Pogon Szczecin II","Jun 30, 2025","€1.30m","Ekstraklasa"
"107","Vahan Bichakhchyan","Attacking Midfield","Jul 9, 1999","23","Armenia",NA,172,"left","Jan 10, 2022",": Ablöse €900k","Jun 30, 2025","€1.20m","Ekstraklasa"
"108","Kacper Lukasiak","Attacking Midfield","Sep 24, 2003","19","Poland",NA,180," ","Mar 3, 2022","Pogon Szczecin II","Jun 30, 2024","€25k","Ekstraklasa"
"109","Kamil Grosicki","Left Winger","Jun 8, 1988","34","Poland",NA,180,"right","Aug 21, 2021","West Bromwich Albion","Jun 30, 2024","€700k","Ekstraklasa"
"110","Mariusz Fornalczyk","Left Winger","Jan 15, 2003","19","Poland",NA,172,"right","Jul 1, 2020","Polonia Bytom","Jun 30, 2024","€700k","Ekstraklasa"
"111","Rafal Kurzawa","Left Winger","Jan 29, 1993","29","Poland",NA,182,"left","Feb 16, 2021","Without Club","Jun 30, 2025","€300k","Ekstraklasa"
"112","Marcel Wedrychowski","Right Winger","Jan 13, 2002","20","Poland",NA,173,"both","Oct 17, 2018","Pogon Szczecin U19","Jun 30, 2024","€300k","Ekstraklasa"
"113","Michal Kucharczyk","Right Winger","Mar 20, 1991","31","Poland",NA,178,"right","Aug 6, 2020","Ural Yekaterinburg","Jun 30, 2023","€300k","Ekstraklasa"
"114","Alexander Gorgon","Right Winger","Oct 28, 1988","34","Austria",NA,185,"right","Aug 3, 2020","HNK Rijeka","Jun 30, 2023","€100k","Ekstraklasa"
"115","Pontus Almqvist","Centre-Forward","Jul 10, 1999","23","Sweden",NA,183,"left","Jul 5, 2022","FK Rostov","Jun 30, 2023","€2.20m","Ekstraklasa"
"116","Luka Zahovic","Centre-Forward","Nov 15, 1995","27","Slovenia","Portugal",177,"right","Oct 1, 2020","NK Maribor","Jun 30, 2023","€1.20m","Ekstraklasa"
"117","Kacper Kostorz","Centre-Forward","Aug 21, 1999","23","Poland",NA,191,"both","Jan 7, 2022","Legia Warszawa","Jun 30, 2026","€100k","Ekstraklasa"
"118","Karol Niemczycki","Goalkeeper","Jul 5, 1999","23","Poland",NA,190,"left","Aug 13, 2020","Puszcza Niepolomice","Jun 30, 2023","€1.20m","Ekstraklasa"
"119","Lukas Hrosso","Goalkeeper","Apr 19, 1987","35","Slovakia",NA,195," ","Jul 1, 2019","Zaglebie Sosnowiec","Jun 30, 2024","€50k","Ekstraklasa"
"120","Sebastian Madejski","Goalkeeper","Jan 2, 1997","26","Poland",NA,189," ","Sep 9, 2022","Motor Lublin","Jun 30, 2024","€25k","Ekstraklasa"
"121","Filip Kramarz","Goalkeeper","Jun 22, 2004","18","Poland",NA,188," ","Jul 20, 2021","Cracovia II","-","€25k","Ekstraklasa"
"122","Virgil Ghita","Centre-Back","Jun 4, 1998","24","Romania",NA,186," ","Feb 28, 2022","FCV Farul Constanta","Jun 30, 2026","€1.50m","Ekstraklasa"
"123","Jakub Jugas","Centre-Back","May 5, 1992","30","Czech Republic",NA,188,"right","Jul 1, 2021",": Ablöse free transfer","Jun 30, 2024","€500k","Ekstraklasa"
"124","David Jablonsky","Centre-Back","Oct 8, 1991","31","Czech Republic",NA,190,"right","Jul 1, 2019","Levski Sofia","Jun 30, 2024","€300k","Ekstraklasa"
"125","Krystian Bracik","Centre-Back","Mar 18, 2001","21","Poland",NA,184," ","May 11, 2021","Cracovia II","Jun 30, 2024","€25k","Ekstraklasa"
"126","Oskar Wojcik","Centre-Back","Jul 21, 2003","19","Poland",NA,191,"right","Aug 7, 2020","Cracovia U19","Jun 30, 2023","€25k","Ekstraklasa"
"127","Mathias Hebo Rasmussen","Defensive Midfield","Aug 2, 1995","27","Denmark",NA,190,"right","Jul 1, 2021","Lyngby BK","Jun 30, 2024","€800k","Ekstraklasa"
"128","Takuto Oshima","Defensive Midfield","Jun 1, 1998","24","Japan",NA,175," ","Jul 12, 2022","Zemplin Michalovce","Jun 30, 2024","€650k","Ekstraklasa"
"129","Florian Loshaj","Defensive Midfield","Aug 13, 1996","26","Kosovo","Belgium",174,"left","Jan 15, 2020","ACSM Politehnica Iasi","Jun 30, 2023","€550k","Ekstraklasa"
"130","Karol Knap","Defensive Midfield","Sep 12, 2001","21","Poland",NA,180,"left","Jul 1, 2021","Puszcza Niepolomice","Jun 30, 2026","€400k","Ekstraklasa"
"131","Radoslaw Kanach","Defensive Midfield","Apr 3, 1999","23","Poland",NA,181,"right","Jul 1, 2016",": Ablöse free transfer","-","€50k","Ekstraklasa"
"132","Kacper Jodlowski","Defensive Midfield","May 30, 1999","23","Poland",NA,187," ","Jul 14, 2022","Cracovia II","Jun 30, 2025","€25k","Ekstraklasa"
"133","Robert Ozog","Central Midfield","Jan 8, 2000","23","Poland",NA,178,"right","May 19, 2022","Cracovia II","Jun 30, 2024","€25k","Ekstraklasa"
"134","Otar Kakabadze","Right Midfield","Jun 27, 1995","27","Georgia",NA,186,"right","Jul 1, 2021","CD Tenerife","Jun 30, 2024","€700k","Ekstraklasa"
"135","Cornel Rapa","Right Midfield","Jan 16, 1990","32","Romania",NA,180,"right","Jul 31, 2018","Pogon Szczecin","Jun 30, 2024","€400k","Ekstraklasa"
"136","Michal Stachera","Right Midfield","Jan 18, 2001","21","Poland",NA,175,"right","Aug 19, 2022","Cracovia II","Jun 30, 2023","€75k","Ekstraklasa"
"137","Kamil Pestka","Left Midfield","Aug 22, 1998","24","Poland",NA,189,"left","May 31, 2017","Cracovia II","Jun 30, 2023","€750k","Ekstraklasa"
"138","Pawel Jaroszynski","Left Midfield","Oct 2, 1994","28","Poland",NA,184,"left","Aug 31, 2022","US Salernitana 1919","Jun 30, 2023","€600k","Ekstraklasa"
"139","Michal Siplak","Left Midfield","Feb 2, 1996","26","Slovakia",NA,184,"left","Jul 7, 2017",": Ablöse free transfer","Jun 30, 2023","€550k","Ekstraklasa"
"140","Patryk Zaucha","Left Midfield","Apr 19, 2000","22","Poland",NA,175,"left","May 2, 2019","Cracovia U19","Jun 30, 2024","€25k","Ekstraklasa"
"141","Michal Rakoczy","Attacking Midfield","Mar 30, 2002","20","Poland",NA,175," ","Feb 9, 2018","Cracovia U19","Jun 30, 2027","€1.20m","Ekstraklasa"
"142","Jakub Myszor","Attacking Midfield","Jun 7, 2002","20","Poland",NA,175,"both","May 29, 2020","Cracovia U19","Jun 30, 2024","€1.20m","Ekstraklasa"
"143","Yevgen Konoplyanka","Attacking Midfield","Sep 29, 1989","33","Ukraine",NA,176,"right","Feb 11, 2022","Shakhtar Donetsk","Jun 30, 2023","€700k","Ekstraklasa"
"144","Przemyslaw Kapek","Attacking Midfield","May 7, 2003","19","Poland",NA,178,"right","May 29, 2020","Cracovia U19","Jun 30, 2023","€50k","Ekstraklasa"
"145","Marcin Budzinski","Attacking Midfield","Jul 6, 1990","32","Poland",NA,184,"right","Aug 18, 2022","Cracovia II","Jun 30, 2024","€25k","Ekstraklasa"
"146","Benjamin Källman","Centre-Forward","Jun 17, 1998","24","Finland",NA,182,"right","Jul 2, 2022","FC Inter Turku","Jun 30, 2025","€800k","Ekstraklasa"
"147","Patryk Makuch","Centre-Forward","Apr 11, 1999","23","Poland",NA,187," ","Jul 1, 2022","Miedz Legnica","Jun 30, 2026","€750k","Ekstraklasa"
"148","Filip Balaj","Centre-Forward","Aug 2, 1997","25","Slovakia",NA,192,"right","Jul 1, 2021","ViOn Zlate Moravce-Vrable","Jun 30, 2024","€100k","Ekstraklasa"
"149","Sebastian Strozik","Centre-Forward","May 15, 1999","23","Poland",NA,192,"right","Jul 14, 2017","Cracovia U19","Jun 30, 2023","€50k","Ekstraklasa"
"150","Kamil Ogorzaly","Centre-Forward","Sep 5, 2000","22","Poland",NA,178," ","Jul 1, 2021","Sandecja Nowy Sacz","Jun 30, 2025","€25k","Ekstraklasa"
"151","Bartlomiej Gradecki","Goalkeeper","Dec 26, 1999","23","Poland",NA,194," ","Jul 10, 2017","Wisla Plock II","Jun 30, 2025","€400k","Ekstraklasa"
"152","Krzysztof Kaminski","Goalkeeper","Nov 26, 1990","32","Poland",NA,191,"right","Feb 6, 2020","Júbilo Iwata","Jun 30, 2024","€350k","Ekstraklasa"
"153","Oskar Klon","Goalkeeper","Feb 5, 2005","17","Poland",NA,189," ","-","","Jun 30, 2023","€25k","Ekstraklasa"
"154","Kamil Zapytowski","Goalkeeper","Feb 21, 2004","18","Poland",NA,189," ","-","","Jun 30, 2023","€25k","Ekstraklasa"
"155","Oskar Lodzinski","Goalkeeper","Jul 20, 2004","18","Poland",NA,191," ","Jul 12, 2022","Wisla Plock U19","Jun 30, 2024","€25k","Ekstraklasa"
"156","Steve Kapuadi","Centre-Back","Apr 30, 1998","24","France","DR Congo",196,"left","Jul 1, 2022","AS Trencin","Dec 31, 2023","€400k","Ekstraklasa"
"157","Anton Kryvotsyuk","Centre-Back","Aug 20, 1998","24","Azerbaijan","Ukraine",186,"left","Jul 1, 2021","Neftchi Baku","Jun 30, 2024","€400k","Ekstraklasa"
"158","Martin Sulek","Centre-Back","Jan 15, 1998","24","Slovakia",NA,179,"right","Jul 1, 2022","SKF Sered","Dec 31, 2023","€350k","Ekstraklasa"
"159","Adam Chrzanowski","Centre-Back","Mar 31, 1999","23","Poland",NA,186,"left","Jul 1, 2022","Pordenone Calcio","Jun 30, 2025","€250k","Ekstraklasa"
"160","Jakub Rzezniczak","Centre-Back","Oct 26, 1986","36","Poland",NA,183,"right","Jul 1, 2019","Qarabağ FK","Jun 30, 2023","€150k","Ekstraklasa"
"161","Igor Drapinski","Centre-Back","May 31, 2004","18","Poland",NA,186,"left","Jul 2, 2021","UKS SMS Lodz U19","Jun 30, 2024","€50k","Ekstraklasa"
"162","Piotr Tomasik","Left-Back","Oct 31, 1987","35","Poland",NA,177,"left","Jul 1, 2019","Lech Poznan","Jun 30, 2023","€200k","Ekstraklasa"
"163","Aleksander Pawlak","Right-Back","Nov 14, 2001","21","Poland",NA,178," ","Jul 19, 2019","Wisla Plock II","Jun 30, 2025","€600k","Ekstraklasa"
"164","Filip Lesniak","Defensive Midfield","May 14, 1996","26","Slovakia",NA,176,"left","Aug 1, 2020","Aalborg BK","Jun 30, 2024","€300k","Ekstraklasa"
"165","Michal Mokrzycki","Defensive Midfield","Dec 29, 1997","25","Poland",NA,182,"right","Jul 1, 2022","Ruch Chorzow","Jun 30, 2024","€50k","Ekstraklasa"
"166","Damian Rasak","Central Midfield","Feb 8, 1996","26","Poland",NA,184,"right","Jul 1, 2017","Miedz Legnica","Jun 30, 2023","€750k","Ekstraklasa"
"167","Dominik Furman","Central Midfield","Jul 6, 1992","30","Poland",NA,183,"right","Jul 6, 2021","Genclerbirligi Ankara","Jun 30, 2024","€600k","Ekstraklasa"
"168","Miroslav Gono","Central Midfield","Nov 1, 2000","22","Slovakia",NA,181," ","Sep 2, 2022","MSK Zilina","Jun 30, 2023","€250k","Ekstraklasa"
"169","Pawel Chrupalla","Right Midfield","Mar 16, 2003","19","Poland","Norway",184,"left","Jan 1, 2023","Rosenborg BK","Dec 31, 2023","€150k","Ekstraklasa"
"170","Rafal Wolski","Attacking Midfield","Nov 10, 1992","30","Poland",NA,180,"right","Mar 6, 2020","Lechia Gdansk","Jun 30, 2023","€1.50m","Ekstraklasa"
"171","Mateusz Szwoch","Attacking Midfield","Mar 19, 1993","29","Poland",NA,173,"right","Jul 1, 2018","Legia Warszawa","Jun 30, 2024","€500k","Ekstraklasa"
"172","Damian Warchol","Attacking Midfield","Jul 19, 1995","27","Poland",NA,183,"both","Jul 14, 2021","Legia Warsaw II","Jun 30, 2023","€500k","Ekstraklasa"
"173","Radoslaw Cielemecki","Attacking Midfield","Feb 19, 2003","19","Poland",NA,173," ","Jul 1, 2021","Legia Warsaw II","Jun 30, 2024","€250k","Ekstraklasa"
"174","Dawid Krzyzanski","Attacking Midfield","Nov 8, 2001","21","Poland",NA,175," ","Apr 15, 2021","Wisla Plock II","Jun 30, 2023","€25k","Ekstraklasa"
"175","Davo","Left Winger","Dec 18, 1994","28","Spain",NA,178," ","Jul 1, 2022","UD Ibiza","Jun 30, 2024","€1.20m","Ekstraklasa"
"176","Tomasz Walczak","Left Winger","Aug 17, 2005","17","Poland",NA,189," ","Sep 7, 2021","Wisla Plock II","Jun 30, 2023","€50k","Ekstraklasa"
"177","Kristian Vallo","Right Winger","Jun 2, 1998","24","Slovakia",NA,186,"right","Jul 1, 2021",": Ablöse ?","Jun 30, 2023","€800k","Ekstraklasa"
"178","Dawid Kocyla","Right Winger","Jul 23, 2002","20","Poland",NA,180," ","Jan 1, 2020","GKS Belchatow","Dec 31, 2023","€400k","Ekstraklasa"
"179","Milan Kvocera","Right Winger","Jan 1, 1998","25","Slovakia",NA,176,"right","Jul 14, 2022","Without Club","Jun 30, 2024","€100k","Ekstraklasa"
"180","Marko Kolar","Centre-Forward","May 31, 1995","27","Croatia",NA,178,"right","Jul 1, 2021","FC Emmen","Jun 30, 2024","€450k","Ekstraklasa"
"181","Mateusz Lewandowski","Centre-Forward","Mar 4, 1999","23","Poland",NA,187,"right","Aug 1, 2020","BFC Dynamo","Jun 30, 2025","€300k","Ekstraklasa"
"182","Lukasz Sekulski","Centre-Forward","Nov 3, 1990","32","Poland",NA,187,"right","Jul 26, 2021","LKS Lodz","Jun 30, 2025","€300k","Ekstraklasa"
"183","Adrian Szczutowski","Centre-Forward","Sep 12, 2000","22","Poland",NA,195,"both","Jul 19, 2019","Wisla Plock II","Jun 30, 2024","€50k","Ekstraklasa"
"184","Szczepan Mucha","Midfield","Feb 29, 2004","18","Poland",NA,NA," ","-","","Jun 30, 2026","-","Ekstraklasa"
"185","Frantisek Plach","Goalkeeper","Mar 8, 1992","30","Slovakia",NA,192,"left","Jan 10, 2018","FK Senica","Jun 30, 2026","€700k","Ekstraklasa"
"186","Karol Szymanski","Goalkeeper","Jun 25, 1993","29","Poland",NA,192,"right","Aug 1, 2020","Lech Poznan","Jun 30, 2024","€100k","Ekstraklasa"
"187","Bartlomiej Jelonek","Goalkeeper","Dec 22, 2001","21","Poland",NA,185," ","Jul 14, 2022","Piast Gliwice II","Jun 30, 2023","€25k","Ekstraklasa"
"188","Ariel Mosor","Centre-Back","Feb 19, 2003","19","Poland",NA,184," ","Jul 1, 2021","Legia Warszawa","Jun 30, 2024","€1.50m","Ekstraklasa"
"189","Tomas Huk","Centre-Back","Dec 22, 1994","28","Slovakia",NA,184,"right","Jul 1, 2019",": Ablöse €100k","Jun 30, 2025","€550k","Ekstraklasa"
"190","Jakub Czerwinski","Centre-Back","Aug 6, 1991","31","Poland",NA,183,"both","Jul 1, 2018","Legia Warszawa","Jun 30, 2024","€400k","Ekstraklasa"
"191","Constantin Reiner","Centre-Back","Jul 11, 1997","25","Austria",NA,197,"right","Jan 17, 2022","SV Ried","Jun 30, 2025","€400k","Ekstraklasa"
"192","Miguel Muñoz","Centre-Back","Nov 22, 1996","26","Spain",NA,182,"right","Jul 1, 2021","Real Murcia CF","Jun 30, 2023","€100k","Ekstraklasa"
"193","Wojciech Kaminski","Centre-Back","Jan 21, 2001","21","Poland",NA,186,"right","Jul 1, 2019","Piast Gliwice II","Jun 30, 2023","€100k","Ekstraklasa"
"194","Alexandros Katranis","Left-Back","May 4, 1998","24","Greece",NA,174,"left","Sep 1, 2021",": Ablöse free transfer","Jun 30, 2024","€400k","Ekstraklasa"
"195","Jakub Holubek","Left-Back","Jan 12, 1991","31","Slovakia",NA,180,"left","Jul 1, 2019",": Ablöse free transfer","Jun 30, 2024","€200k","Ekstraklasa"
"196","Tomasz Mokwa","Right-Back","Feb 10, 1993","29","Poland",NA,181,"right","Aug 8, 2018","GKS Katowice","Jun 30, 2023","€100k","Ekstraklasa"
"197","Piotr Liszewski","Right-Back","Dec 18, 2004","18","Poland",NA,184," ","Oct 7, 2022","Piast Gliwice II","Jun 30, 2025","€25k","Ekstraklasa"
"198","Patryk Dziczek","Defensive Midfield","Mar 25, 1998","24","Poland",NA,182,"right","Aug 31, 2022","SS Lazio","Jun 30, 2025","€500k","Ekstraklasa"
"199","Tom Hateley","Defensive Midfield","Sep 12, 1989","33","UK",NA,181,"right","Oct 11, 2021","Without Club","Jun 30, 2023","€250k","Ekstraklasa"
"200","Grzegorz Tomasiewicz","Central Midfield","May 5, 1996","26","Poland",NA,169,"both","Jul 1, 2022","Stal Mielec","Jun 30, 2024","€600k","Ekstraklasa"
"201","Michal Chrapek","Central Midfield","Apr 3, 1992","30","Poland",NA,175,"right","Oct 10, 2020","Without Club","Jun 30, 2023","€500k","Ekstraklasa"
"202","Michal Kaput","Central Midfield","Feb 18, 1998","24","Poland",NA,185,"both","Jan 5, 2022","Radomiak Radom","Jun 30, 2025","€300k","Ekstraklasa"
"203","Bartosz Luczak","Central Midfield","Mar 19, 2003","19","Poland",NA,182," ","Apr 15, 2022","Piast Gliwice II","Jun 30, 2023","€25k","Ekstraklasa"
"204","Jakub Niedbala","Central Midfield","Feb 11, 2004","18","Poland",NA,181,"both","Apr 15, 2022","Piast Gliwice II","Jun 30, 2024","€25k","Ekstraklasa"
"205","Tihomir Kostadinov","Attacking Midfield","Mar 4, 1996","26","North Macedonia",NA,179,"right","Jan 1, 2022","MFK Ruzomberok","Jun 30, 2025","€350k","Ekstraklasa"
"206","Oskar Lesniak","Attacking Midfield","Oct 7, 2004","18","Poland",NA,176," ","Jul 1, 2022","Stadion Slaski Chorzow","Jun 30, 2025","€25k","Ekstraklasa"
"207","Michael Ameyaw","Left Winger","Sep 16, 2000","22","Poland","Ghana",176,"right","Jul 1, 2021","Widzew Lodz","Jun 30, 2024","€350k","Ekstraklasa"
"208","Damian Kadzior","Right Winger","Jun 16, 1992","30","Poland",NA,174,"left","Jul 19, 2021","SD Eibar","Jun 30, 2025","€1.20m","Ekstraklasa"
"209","Arkadiusz Pyrka","Right Winger","Sep 20, 2002","20","Poland",NA,177," ","Aug 4, 2020","Znicz Pruszkow","Jun 30, 2024","€800k","Ekstraklasa"
"210","Jorge Félix","Second Striker","Aug 22, 1991","31","Spain",NA,175,"right","Aug 2, 2022","Sivasspor","Jun 30, 2024","€350k","Ekstraklasa"
"211","Kamil Wilczek","Centre-Forward","Jan 14, 1988","34","Poland",NA,185,"left","Jan 31, 2022","FC Copenhagen","Jun 30, 2024","€400k","Ekstraklasa"
"212","Rauno Sappinen","Centre-Forward","Jan 23, 1996","26","Estonia",NA,177,"right","Jan 1, 2022","FC Flora Tallinn","Jun 30, 2025","€300k","Ekstraklasa"
"213","Alberto Toril","Centre-Forward","Jun 1, 1997","25","Spain",NA,187,"right","Jul 1, 2021","Real Murcia CF","Jun 30, 2024","€200k","Ekstraklasa"
"214","Gabriel Kirejczyk","Centre-Forward","Feb 12, 2003","19","Poland",NA,197," ","Jul 20, 2021","AP Profi","Jun 30, 2023","€100k","Ekstraklasa"
"215","Dusan Kuciak","Goalkeeper","May 21, 1985","37","Slovakia",NA,194,"right","Feb 3, 2017",": Ablöse free transfer","Jun 30, 2024","€100k","Ekstraklasa"
"216","Michal Buchalik","Goalkeeper","Feb 3, 1989","33","Poland",NA,190,"right","Jan 1, 2022","Wisla Kraków","Jun 30, 2023","€75k","Ekstraklasa"
"217","Antoni Mikulko","Goalkeeper","Feb 11, 2005","17","Poland",NA,189," ","Jan 29, 2021","Lechia Gdansk U19","Jun 30, 2025","€25k","Ekstraklasa"
"218","Michal Nalepa","Centre-Back","Jan 22, 1993","29","Poland",NA,189,"right","Jul 1, 2017",": Ablöse free transfer","Jun 30, 2026","€900k","Ekstraklasa"
"219","Kristers Tobers","Centre-Back","Dec 13, 2000","22","Latvia",NA,189,"right","Aug 1, 2020","FK Liepaja","Jun 30, 2023","€400k","Ekstraklasa"
"220","Henrik Castegren","Centre-Back","Mar 28, 1996","26","Sweden",NA,186," ","Feb 18, 2022","IFK Norrköping","Jun 30, 2024","€300k","Ekstraklasa"
"221","Joel Abu Hanna","Centre-Back","Jan 22, 1998","24","Israel","Germany",184,"left","Aug 27, 2022","Legia Warszawa","Jun 30, 2023","€300k","Ekstraklasa"
"222","Mario Maloca","Centre-Back","May 4, 1989","33","Croatia",NA,190,"right","Jul 1, 2019","SpVgg Greuther Fürth","Jun 30, 2023","€250k","Ekstraklasa"
"223","Conrado","Left-Back","Apr 3, 1997","25","Brazil","Italy",173,"left","Jan 9, 2020","Figueirense Futebol Clube","Jun 30, 2024","€700k","Ekstraklasa"
"224","Rafal Pietrzak","Left-Back","Jan 30, 1992","30","Poland",NA,176,"both","Feb 20, 2020","Royal Excel Mouscron (-2022)","Jun 30, 2023","€350k","Ekstraklasa"
"225","Jakub Bartkowski","Right-Back","Nov 7, 1991","31","Poland",NA,182,"right","Jan 2, 2023","Pogon Szczecin","-","€600k","Ekstraklasa"
"226","David Stec","Right-Back","May 10, 1994","28","Austria",NA,178,"right","Jan 8, 2022","TSV Hartberg","Jun 30, 2024","€400k","Ekstraklasa"
"227","Filip Koperski","Right-Back","Feb 24, 2004","18","Poland",NA,187,"right","Jan 28, 2021","Lechia Gdansk II","Jun 30, 2026","€300k","Ekstraklasa"
"228","Bartosz Brzek","Right-Back","Dec 1, 2005","17","Poland",NA,179,"right","Jul 6, 2022","Lechia Gdansk II","Jun 30, 2025","€25k","Ekstraklasa"
"229","Jan Bieganski","Defensive Midfield","Dec 4, 2002","20","Poland",NA,183,"left","Jan 1, 2021","GKS Tychy","Jun 30, 2025","€500k","Ekstraklasa"
"230","Joeri de Kamps","Defensive Midfield","Feb 10, 1992","30","Netherlands",NA,176,"left","Aug 30, 2022","Slovan Bratislava","Jun 30, 2024","€350k","Ekstraklasa"
"231","Jaroslaw Kubicki","Central Midfield","Aug 7, 1995","27","Poland",NA,180,"right","Jul 1, 2018","Zaglebie Lubin","Jun 30, 2023","€700k","Ekstraklasa"
"232","Jakub Kaluzinski","Attacking Midfield","Oct 31, 2002","20","Poland",NA,184,"both","Feb 5, 2020","Lechia Gdansk U19","Jun 30, 2023","€800k","Ekstraklasa"
"233","Maciej Gajos","Attacking Midfield","Mar 19, 1991","31","Poland",NA,174,"right","Jul 1, 2019","Lech Poznan","Jun 30, 2024","€600k","Ekstraklasa"
"234","Marco Terrazzino","Attacking Midfield","Apr 15, 1991","31","Germany","Italy",177,"right","Aug 10, 2021","SC Paderborn 07","Jun 30, 2023","€250k","Ekstraklasa"
"235","Ilkay Durmus","Left Winger","May 1, 1994","28","Turkey","Germany",180,"left","Jul 1, 2021","St. Mirren FC","Jun 30, 2023","€400k","Ekstraklasa"
"236","Dominik Pila","Left Winger","May 6, 2001","21","Poland",NA,185,"right","Jul 1, 2022","Chrobry Glogow","Jun 30, 2025","€250k","Ekstraklasa"
"237","Christian Clemens","Right Winger","Aug 4, 1991","31","Germany",NA,179,"right","Feb 3, 2022","Without Club","Jun 30, 2023","€250k","Ekstraklasa"
"238","Lukasz Zwolinski","Centre-Forward","Feb 24, 1993","29","Poland",NA,184,"right","Feb 10, 2020","HNK Gorica","Jun 30, 2023","€800k","Ekstraklasa"
"239","Kacper Sezonienko","Centre-Forward","Mar 23, 2003","19","Poland",NA,193,"right","May 27, 2020","Lechia Gdansk II","Jun 30, 2025","€700k","Ekstraklasa"
"240","Bassekou Diabaté","Centre-Forward","Apr 15, 2000","22","Mali",NA,184,"both","Jan 1, 2022","Yeelen Olympique","Jun 30, 2025","€250k","Ekstraklasa"
"241","Flávio Paixão","Centre-Forward","Sep 19, 1984","38","Portugal",NA,184,"right","Feb 8, 2016","Slask Wroclaw","Jun 30, 2023","€200k","Ekstraklasa"
"242","Krystian Okoniewski","Centre-Forward","Jan 24, 2005","17","Poland",NA,187," ","Jul 6, 2022","Lechia Gdansk II","Jun 30, 2023","€25k","Ekstraklasa"
"243","Henrich Ravas","Goalkeeper","Aug 16, 1997","25","Slovakia",NA,195,"right","Mar 29, 2022","FK Senica","Jun 30, 2023","€1.20m","Ekstraklasa"
"244","Jakub Wrabel","Goalkeeper","Jun 8, 1996","26","Poland",NA,196,"left","Jul 1, 2021","Wisla Plock","Jun 30, 2023","€300k","Ekstraklasa"
"245","Vasyl Lytvynenko","Goalkeeper","Oct 3, 1991","31","Ukraine",NA,192,"right","Apr 5, 2022","FK Obolon Kyiv","Jun 30, 2023","€50k","Ekstraklasa"
"246","Patryk Stepinski","Centre-Back","Jan 16, 1995","27","Poland",NA,178,"right","Sep 1, 2020","Warta Poznan","Jun 30, 2024","€750k","Ekstraklasa"
"247","Mateusz Zyro","Centre-Back","Oct 28, 1998","24","Poland",NA,188,"right","Jul 1, 2022","Stal Mielec","Jun 30, 2024","€650k","Ekstraklasa"
"248","Martin Kreuzriegler","Centre-Back","Jan 10, 1994","29","Austria",NA,182,"left","Jan 25, 2022","Sandefjord Fotball","Jun 30, 2023","€500k","Ekstraklasa"
"249","Serafin Szota","Centre-Back","Mar 4, 1999","23","Poland",NA,187,"right","Jul 1, 2022","Wisla Kraków","Jun 30, 2024","€400k","Ekstraklasa"
"250","Bozhidar Chorbadzhiyski","Centre-Back","Aug 8, 1995","27","Bulgaria",NA,195,"both","Jul 1, 2022","Stal Mielec","Jun 30, 2024","€200k","Ekstraklasa"
"251","Adam Debinski","Centre-Back","Jul 7, 2004","18","Poland",NA,182,"left","Jul 6, 2022","Widzew Lodz II","-","€25k","Ekstraklasa"
"252","Dominik Kun","Defensive Midfield","Jun 22, 1993","29","Poland",NA,171,"right","Aug 14, 2020","Sandecja Nowy Sacz","Jun 30, 2024","€650k","Ekstraklasa"
"253","Marek Hanousek","Defensive Midfield","Aug 6, 1991","31","Czech Republic",NA,186,"right","Feb 24, 2021","MFK Karvina","Jun 30, 2024","€500k","Ekstraklasa"
"254","Patryk Lipski","Defensive Midfield","Jun 12, 1994","28","Poland",NA,186,"right","Mar 3, 2022","Piast Gliwice","Jun 30, 2023","€400k","Ekstraklasa"
"255","Juljan Shehu","Defensive Midfield","Sep 6, 1998","24","Albania",NA,183,"right","Jul 1, 2022","KF Laçi","Jun 30, 2024","€250k","Ekstraklasa"
"256","Filip Zawadzki","Central Midfield","Jul 1, 2004","18","Poland",NA,176,"both","Jul 1, 2022","Widzew Lodz II","Jun 30, 2023","€25k","Ekstraklasa"
"257","Ignacy Dawid","Central Midfield","Jan 15, 2003","19","Poland",NA,169," ","Sep 7, 2022","Widzew Lodz II","Jun 30, 2024","€25k","Ekstraklasa"
"258","Pawel Zielinski","Right Midfield","Jul 17, 1990","32","Poland",NA,175,"right","Jul 1, 2021","Miedz Legnica","Jun 30, 2023","€200k","Ekstraklasa"
"259","Andrejs Ciganiks","Left Midfield","Apr 12, 1997","25","Latvia",NA,173,"both","Jan 2, 2023","DAC Dunajska Streda","Jun 30, 2024","€550k","Ekstraklasa"
"260","Fábio Nunes","Left Midfield","Jul 24, 1992","30","Portugal",NA,180,"left","Jul 28, 2021","SC Farense","Jun 30, 2025","€500k","Ekstraklasa"
"261","Mato Milos","Left Midfield","Jun 30, 1993","29","Croatia",NA,175,"right","Aug 27, 2022","NK Osijek","Jun 30, 2024","€400k","Ekstraklasa"
"262","Bartlomiej Pawlowski","Attacking Midfield","Nov 13, 1992","30","Poland",NA,178,"right","Feb 1, 2022","Slask Wroclaw","Jun 30, 2023","€650k","Ekstraklasa"
"263","Juliusz Letniowski","Attacking Midfield","Apr 8, 1998","24","Poland",NA,183,"both","Jul 1, 2022","Lech Poznan","Jun 30, 2024","€500k","Ekstraklasa"
"264","Ernest Terpilowski","Attacking Midfield","Sep 14, 2001","21","Poland",NA,176,"both","Feb 25, 2022","Bruk-Bet Termalica Nieciecza","Jun 30, 2024","€500k","Ekstraklasa"
"265","Kristoffer Hansen","Attacking Midfield","Aug 12, 1994","28","Norway",NA,180,"right","Jan 21, 2022","Sandefjord Fotball","Jun 30, 2023","€300k","Ekstraklasa"
"266","Jakub Sypek","Attacking Midfield","Apr 7, 2001","21","Poland",NA,180," ","Jul 12, 2022","Zaglebie Lubin","Jun 30, 2025","€150k","Ekstraklasa"
"267","Jordi Sánchez","Centre-Forward","Nov 11, 1994","28","Spain",NA,190,"right","Jul 2, 2022","Albacete Balompié","Jun 30, 2024","€700k","Ekstraklasa"
"268","Lukasz Zjawinski","Centre-Forward","Jul 11, 2001","21","Poland",NA,193,"right","Aug 17, 2022","Lechia Gdansk","Jun 30, 2023","€350k","Ekstraklasa"
"269","Mateusz Kempski","Centre-Forward","Mar 21, 2003","19","Poland",NA,192,"both","Sep 29, 2022","Widzew Lodz II","Jun 30, 2024","€25k","Ekstraklasa"
"270","Zlatan Alomerovic","Goalkeeper","Jun 15, 1991","31","Serbia","Germany",187,"right","Jan 1, 2022","Lechia Gdansk","Jun 30, 2024","€350k","Ekstraklasa"
"271","Bartlomiej Zynel","Goalkeeper","Apr 9, 1998","24","Poland",NA,187,"left","Aug 4, 2022","Jagiellonia Bialystok II","Jun 30, 2023","€25k","Ekstraklasa"
"272","Slawomir Abramowicz","Goalkeeper","Jun 9, 2004","18","Poland",NA,189,"left","Aug 23, 2021","Polonia Warsaw","Jun 30, 2024","€25k","Ekstraklasa"
"273","Milosz Piekutowski","Goalkeeper","May 8, 2006","16","Poland",NA,188,"both","Jul 15, 2022","Jagiellonia Bialystok U19","-","€25k","Ekstraklasa"
"274","Bojan Nastic","Centre-Back","Jul 6, 1994","28","Bosnia-Herzegovina","Serbia",182,"left","Jan 27, 2021","BATE Borisov","Jun 30, 2024","€550k","Ekstraklasa"
"275","Israel Puerto","Centre-Back","Jun 15, 1993","29","Spain",NA,187,"right","Jul 1, 2021","Slask Wroclaw","Jun 30, 2023","€400k","Ekstraklasa"
"276","Milosz Matysik","Centre-Back","Apr 26, 2004","18","Poland",NA,190," ","Jan 1, 2021","Jagiellonia Bialystok II","Jun 30, 2024","€400k","Ekstraklasa"
"277","Mateusz Skrzypczak","Centre-Back","Aug 22, 2000","22","Poland",NA,186,"right","Jul 1, 2022","Lech Poznan","Jun 30, 2024","€200k","Ekstraklasa"
"278","Michal Pazdan","Centre-Back","Sep 21, 1987","35","Poland",NA,181,"both","Jul 3, 2021","MKE Ankaragücü","Jun 30, 2023","€150k","Ekstraklasa"
"279","Godfrey Bitok Stephen","Centre-Back","Aug 22, 2000","22","Nigeria",NA,185,"left","Feb 4, 2021","Isloch Minsk Region","Dec 31, 2024","€50k","Ekstraklasa"
"280","Michal Ozga","Centre-Back","Jun 23, 2000","22","Poland",NA,182,"right","Jul 9, 2018","Jagiellonia Bialystok U19","Jun 30, 2023","€25k","Ekstraklasa"
"281","Patryk Czerech","Centre-Back","Apr 6, 2001","21","Poland",NA,190,"left","Apr 15, 2022","Jagiellonia Bialystok II","-","€25k","Ekstraklasa"
"282","Nené","Defensive Midfield","Jun 10, 1995","27","Portugal",NA,187,"left","Jul 1, 2022","CD Santa Clara","Jun 30, 2024","€1.00m","Ekstraklasa"
"283","Taras Romanczuk","Defensive Midfield","Nov 14, 1991","31","Poland",NA,186,"left","Jul 22, 2014","Legionovia Legionowo","Jun 30, 2024","€600k","Ekstraklasa"
"284","Martin Pospisil","Defensive Midfield","Jun 26, 1991","31","Czech Republic",NA,178,"right","Jul 4, 2017","FK Jablonec","Jun 30, 2024","€350k","Ekstraklasa"
"285","Oliwier Wojciechowski","Defensive Midfield","Apr 5, 2005","17","Poland",NA,172," ","Jul 1, 2022","Jagiellonia Bialystok II","Jun 30, 2024","€300k","Ekstraklasa"
"286","Bartosz Bernatowicz","Defensive Midfield","Feb 14, 2005","17","Poland",NA,183,"right","Jul 15, 2022","Jagiellonia Bialystok II","-","€25k","Ekstraklasa"
"287","Tomas Prikryl","Right Midfield","Jul 4, 1992","30","Czech Republic",NA,177,"right","Jul 3, 2019","FK Mlada Boleslav","Jun 30, 2023","€600k","Ekstraklasa"
"288","Tomasz Kupisz","Right Midfield","Jan 2, 1990","33","Poland",NA,180,"right","Sep 2, 2022","Pordenone Calcio","Jun 30, 2024","€200k","Ekstraklasa"
"289","Kacper Tabis","Right Midfield","Jan 31, 2000","22","Poland",NA,175,"right","Jul 1, 2021","Odra Opole","Jun 30, 2025","€200k","Ekstraklasa"
"290","Pawel Olszewski","Right Midfield","Jun 7, 1999","23","Poland",NA,178,"right","Jan 1, 2016","Jagiellonia Bialystok U19","Jun 30, 2024","€100k","Ekstraklasa"
"291","Jakub Lewicki","Left Midfield","Sep 17, 2005","17","Poland",NA,182,"both","Jul 15, 2022","Jagiellonia Bialystok II","Jun 30, 2025","€500k","Ekstraklasa"
"292","Bartlomiej Wdowik","Left Midfield","Sep 25, 2000","22","Poland",NA,184,"left","Jan 22, 2020","Odra Opole","Jun 30, 2023","€250k","Ekstraklasa"
"293","Damian Wojdakowski","Left Midfield","Jun 24, 2005","17","Poland",NA,181,"right","Sep 30, 2022","Jagiellonia Bialystok U19","Dec 31, 2024","-","Ekstraklasa"
"294","Jesús Imaz","Attacking Midfield","Sep 26, 1990","32","Spain",NA,174,"right","Jan 21, 2019","Wisla Kraków","Jun 30, 2025","€1.00m","Ekstraklasa"
"295","Juan Cámara","Attacking Midfield","Feb 13, 1994","28","Spain",NA,184,"left","Jul 1, 2019","Miedz Legnica","Jun 30, 2023","€200k","Ekstraklasa"
"296","Wojciech Laski","Attacking Midfield","May 21, 2000","22","Poland",NA,186," ","Jul 1, 2022","GKS Jastrzebie","Jun 30, 2024","€200k","Ekstraklasa"
"297","Marc Gual","Centre-Forward","Mar 13, 1996","26","Spain",NA,186,"right","Mar 23, 2022","SK Dnipro-1","Jun 30, 2023","€1.20m","Ekstraklasa"
"298","Bartosz Bida","Centre-Forward","Feb 21, 2001","21","Poland",NA,175,"both","Aug 2, 2017","Jagiellonia Bialystok U19","Jun 30, 2023","€400k","Ekstraklasa"
"299","Mateusz Kowalski","Centre-Forward","Jul 21, 2005","17","Poland",NA,195,"right","May 18, 2022","Jagiellonia Bialystok U19","Jun 30, 2025","€300k","Ekstraklasa"
"300","Maciej Bortniczuk","Centre-Forward","Sep 6, 2001","21","Poland",NA,181," ","Aug 11, 2020","Jagiellonia Bialystok U19","Jun 30, 2024","€150k","Ekstraklasa"
"301","Andrzej Trubeha","Centre-Forward","Nov 22, 1997","25","Poland",NA,186,"both","Jul 1, 2021","Legionovia Legionowo","Jun 30, 2023","€100k","Ekstraklasa"
"302","Mikolaj Wasilewski","Centre-Forward","Mar 19, 2001","21","Poland",NA,170,"right","Jul 15, 2022","Jagiellonia Bialystok II","-","€25k","Ekstraklasa"
"303","Michal Samborski","Centre-Forward","Jan 20, 2004","18","Poland",NA,NA," ","Jul 2, 2021","Pogon Szczecin U19","Jun 30, 2024","€25k","Ekstraklasa"
"304","Maciej Twarowski","Centre-Forward","Mar 13, 2001","21","Poland",NA,188,"both","Aug 18, 2018","Jagiellonia Bialystok U19","Jun 30, 2024","€25k","Ekstraklasa"
"305","Kacper Bieszczad","Goalkeeper","Sep 11, 2002","20","Poland",NA,192," ","Mar 7, 2019","Zaglebie Lubin U19","Jun 30, 2024","€800k","Ekstraklasa"
"306","Jasmin Buric","Goalkeeper","Feb 18, 1987","35","Bosnia-Herzegovina","Poland",193,"right","Jan 3, 2022","Without Club","Jun 30, 2023","€50k","Ekstraklasa"
"307","Alexander Steffen","Goalkeeper","Apr 6, 2004","18","Poland",NA,188," ","Nov 22, 2021","Zaglebie Lubin II","-","€25k","Ekstraklasa"
"308","Michal Matys","Goalkeeper","May 6, 2006","16","Poland",NA,NA," ","Jul 12, 2022","Zaglebie Lubin II","-","€25k","Ekstraklasa"
"309","Szymon Weirauch","Goalkeeper","Mar 5, 2004","18","Poland",NA,192,"right","Jul 22, 2021","Zaglebie Lubin II","Jun 30, 2025","€25k","Ekstraklasa"
"310","Aleks Lawniczak","Centre-Back","May 5, 1999","23","Poland",NA,189," ","Jan 6, 2022","Warta Poznan","Jun 30, 2025","€600k","Ekstraklasa"
"311","Jaroslaw Jach","Centre-Back","Feb 17, 1994","28","Poland",NA,192,"left","Jul 1, 2022","Crystal Palace","Jun 30, 2025","€400k","Ekstraklasa"
"312","Bartosz Kopacz","Centre-Back","May 21, 1992","30","Poland",NA,188,"right","Jan 11, 2022","Lechia Gdansk","Jun 30, 2025","€300k","Ekstraklasa"
"313","Kamil Sobczak","Centre-Back","Jan 1, 2003","20","Poland",NA,180," ","Feb 2, 2022","Zaglebie Lubin II","Jun 30, 2023","€50k","Ekstraklasa"
"314","Damian Oko","Centre-Back","Jan 22, 1997","25","Poland",NA,190," ","Apr 4, 2017","Zaglebie Lubin II","Jun 30, 2023","€50k","Ekstraklasa"
"315","Kacper Lepczynski","Centre-Back","Jul 18, 2001","21","Poland",NA,191," ","Jul 1, 2021","Zaglebie Lubin II","Jun 30, 2025","€25k","Ekstraklasa"
"316","Guram Giorbelidze","Left-Back","Feb 25, 1996","26","Georgia",NA,174,"left","Jul 17, 2022","Wolfsberger AC","Jun 30, 2024","€400k","Ekstraklasa"
"317","Mateusz Bartolewski","Left-Back","Jan 12, 1998","24","Poland",NA,187,"left","Jul 31, 2020","Ruch Chorzow","Jun 30, 2023","€300k","Ekstraklasa"
"318","Mateusz Grzybek","Right-Back","Mar 30, 1996","26","Poland",NA,178,"right","Jan 9, 2023","Radomiak Radom","Jun 30, 2026","€550k","Ekstraklasa"
"319","Bartlomiej Kludka","Right-Back","May 14, 2002","20","Poland",NA,186," ","Jul 1, 2021","Zaglebie Lubin II","Jun 30, 2024","€300k","Ekstraklasa"
"320","Arkadiusz Wozniak","Right-Back","Jun 1, 1990","32","Poland",NA,184,"right","Jul 1, 2022","GKS Katowice","Jun 30, 2024","€100k","Ekstraklasa"
"321","Jakub Kolan","Right-Back","Aug 3, 2004","18","Poland",NA,177," ","Oct 18, 2022","Zaglebie Lubin II","-","€25k","Ekstraklasa"
"322","Lukasz Lakomy","Defensive Midfield","Jan 18, 2001","21","Poland",NA,181,"right","Jan 12, 2021","Legia Warsaw II","Jun 30, 2024","€1.00m","Ekstraklasa"
"323","Tomasz Makowski","Defensive Midfield","Jul 19, 1999","23","Poland",NA,183,"right","Jul 1, 2022","Lechia Gdansk","Jun 30, 2024","€650k","Ekstraklasa"
"324","Marko Poletanovic","Defensive Midfield","Jul 20, 1993","29","Serbia",NA,187,"right","Jul 1, 2022","Wisla Kraków","Jun 30, 2024","€300k","Ekstraklasa"
"325","Filip Kocaba","Defensive Midfield","Nov 13, 2004","18","Poland",NA,183," ","Feb 2, 2022","Zaglebie Lubin II","Jun 30, 2025","€250k","Ekstraklasa"
"326","Jakub Zubrowski","Defensive Midfield","Mar 21, 1992","30","Poland",NA,181,"right","Jul 22, 2020","Korona Kielce","Jun 30, 2023","€150k","Ekstraklasa"
"327","Dawid Pakulski","Defensive Midfield","Jul 23, 1998","24","Poland",NA,179,"right","Nov 16, 2017","Zaglebie Lubin II","Jun 30, 2023","€50k","Ekstraklasa"
"328","Kacper Terlecki","Central Midfield","Jul 31, 2005","17","Poland",NA,183,"left","Jul 12, 2022","Zaglebie Lubin II","Jun 30, 2025","€25k","Ekstraklasa"
"329","Filip Starzynski","Attacking Midfield","May 27, 1991","31","Poland",NA,184,"right","Jul 19, 2016","KSC Lokeren (- 2020)","Jun 30, 2023","€500k","Ekstraklasa"
"330","Adam Ratajczyk","Attacking Midfield","Jun 12, 2002","20","Poland",NA,176,"right","Oct 2, 2020","LKS Lodz","Jun 30, 2024","€450k","Ekstraklasa"
"331","Koki Hinokio","Attacking Midfield","Feb 26, 2001","21","Japan",NA,165,"right","Jul 1, 2021","Stomil Olsztyn","Jun 30, 2024","€300k","Ekstraklasa"
"332","Kacper Masiak","Attacking Midfield","Jan 11, 2005","17","Poland",NA,175," ","Feb 2, 2022","Zaglebie Lubin II","Jun 30, 2024","€50k","Ekstraklasa"
"333","Damjan Bohar","Left Winger","Oct 18, 1991","31","Slovenia",NA,172,"right","Jul 1, 2022","NK Osijek","Jun 30, 2024","€500k","Ekstraklasa"
"334","Patryk Kusztal","Left Winger","Mar 28, 2003","19","Poland",NA,176," ","Sep 20, 2021","Zaglebie Lubin II","Jun 30, 2024","€200k","Ekstraklasa"
"335","Sasa Zivec","Left Winger","Apr 2, 1991","31","Slovenia",NA,170,"right","Jul 1, 2019","Omonia Nicosia","Jun 30, 2023","€100k","Ekstraklasa"
"336","Kacper Chodyna","Right Winger","May 24, 1999","23","Poland",NA,176,"right","Feb 7, 2020","Zaglebie Lubin II","Jun 30, 2025","€600k","Ekstraklasa"
"337","Tornike Gaprindashvili","Right Winger","Jul 20, 1997","25","Georgia",NA,171,"left","Jul 17, 2022","Dinamo Batumi","Jun 30, 2025","€300k","Ekstraklasa"
"338","Tomasz Pienko","Centre-Forward","Jan 5, 2004","19","Poland",NA,185,"right","Jul 1, 2021","Zaglebie Lubin U19","Jun 30, 2024","€500k","Ekstraklasa"
"339","Dawid Kurminowski","Centre-Forward","Feb 24, 1999","23","Poland",NA,182,"right","Sep 1, 2022","Aarhus GF","Jun 30, 2023","€400k","Ekstraklasa"
"340","Rafal Adamski","Centre-Forward","Nov 21, 2001","21","Poland",NA,190," ","May 5, 2022","Zaglebie Lubin II","Jun 30, 2025","€300k","Ekstraklasa"
"341","Martin Dolezal","Centre-Forward","May 3, 1990","32","Czech Republic",NA,189,"right","Jan 10, 2022","FK Jablonec","Jun 30, 2024","€250k","Ekstraklasa"
"342","Szymon Kobusinski","Centre-Forward","May 4, 1998","24","Poland",NA,183,"right","Jul 1, 2022","Puszcza Niepolomice","Jun 30, 2024","€150k","Ekstraklasa"
"343","Cheikhou Dieng","Centre-Forward","Nov 23, 1993","29","Senegal",NA,180,"right","Feb 28, 2022","Wolfsberger AC","Jun 30, 2024","€150k","Ekstraklasa"
"344","Oliwier Slawinski","Centre-Forward","Apr 15, 2005","17","Poland",NA,186,"right","Feb 4, 2021","Zaglebie Lubin II","Dec 31, 2023","€150k","Ekstraklasa"
"345","Daniel Bielica","Goalkeeper","Apr 30, 1999","23","Poland",NA,191," ","Mar 22, 2018","Gornik Zabrze II","Jun 30, 2023","€500k","Ekstraklasa"
"346","Kevin Broll","Goalkeeper","Aug 23, 1995","27","Germany","Poland",185,"right","Jul 4, 2022","SG Dynamo Dresden","Jun 30, 2023","€400k","Ekstraklasa"
"347","Pawel Sokol","Goalkeeper","Mar 2, 2000","22","Poland",NA,193," ","Jul 1, 2021","Chojniczanka Chojnice","Jun 30, 2023","€50k","Ekstraklasa"
"348","Jakub Grzesiak","Goalkeeper","Feb 22, 2003","19","Poland",NA,194,"right","Feb 20, 2021","Gornik Zabrze II","Jun 30, 2023","-","Ekstraklasa"
"349","Aleksander Paluszek","Centre-Back","Apr 9, 2001","21","Poland",NA,191,"right","Jul 1, 2019","Slask Wroclaw II","Jun 30, 2024","€700k","Ekstraklasa"
"350","Richard Jensen","Centre-Back","Mar 17, 1996","26","Finland",NA,185,"left","Jul 20, 2022","Roda JC Kerkrade","Jun 30, 2023","€600k","Ekstraklasa"
"351","Kryspin Szczesniak","Centre-Back","Jan 8, 2001","22","Poland",NA,186,"both","Aug 30, 2022","Pogon Szczecin","Jun 30, 2023","€500k","Ekstraklasa"
"352","Emil Bergström","Centre-Back","May 19, 1993","29","Sweden",NA,188,"right","Sep 27, 2022","Without Club","Jun 30, 2023","€500k","Ekstraklasa"
"353","Rafal Janicki","Centre-Back","Jul 5, 1992","30","Poland",NA,188,"right","Jul 16, 2021","Podbeskidzie Bielsko-Biala","Jun 30, 2024","€300k","Ekstraklasa"
"354","Jakub Szymanski","Centre-Back","Jul 5, 2002","20","Poland",NA,189,"right","Jul 13, 2021","Gornik Zabrze II","Jun 30, 2023","€300k","Ekstraklasa"
"355","Jean Jules","Defensive Midfield","Apr 23, 1998","24","Cameroon",NA,177,"right","Jul 1, 2022","Albacete Balompié","Jun 30, 2024","€500k","Ekstraklasa"
"356","Blaz Vrhovec","Defensive Midfield","Feb 20, 1992","30","Slovenia",NA,180,"right","Sep 2, 2022","Anorthosis Famagusta","Jun 30, 2023","€400k","Ekstraklasa"
"357","Robin Kamber","Defensive Midfield","Feb 15, 1996","26","Switzerland",NA,187,"right","Aug 16, 2022","FC Stade-Lausanne-Ouchy","Jun 30, 2024","€250k","Ekstraklasa"
"358","Jonatan Kotzke","Defensive Midfield","Mar 18, 1990","32","Germany",NA,184,"right","Jul 8, 2022","FC Ingolstadt 04","Jun 30, 2023","€150k","Ekstraklasa"
"359","Adrian Dziedzic","Central Midfield","Mar 22, 2003","19","Poland",NA,185," ","Jul 17, 2021","Gornik Zabrze II","Jun 30, 2023","€50k","Ekstraklasa"
"360","Norbert Wojtuszek","Right Midfield","Oct 5, 2001","21","Poland",NA,184," ","Sep 3, 2020","Pogon Siedlce ","Jun 30, 2023","€400k","Ekstraklasa"
"361","Pawel Olkowski","Right Midfield","Feb 13, 1990","32","Poland",NA,184,"right","Jul 1, 2022","Gaziantep FK","Jun 30, 2024","€200k","Ekstraklasa"
"362","Mateusz Ziolkowski","Right Midfield","Aug 29, 2003","19","Poland",NA,NA,"right","Apr 10, 2022","Gornik Zabrze U19","-","€100k","Ekstraklasa"
"363","Erik Janza","Left Midfield","Jun 21, 1993","29","Slovenia",NA,175,"left","Jul 1, 2019","NK Osijek","Jun 30, 2024","€1.00m","Ekstraklasa"
"364","Robert Dadok","Attacking Midfield","Dec 24, 1996","26","Poland",NA,184,"right","Jul 1, 2021","Stal Mielec","Jun 30, 2023","€650k","Ekstraklasa"
"365","Kanji Okunuki","Attacking Midfield","Aug 11, 1999","23","Japan",NA,171,"right","Aug 31, 2022","Omiya Ardija","Jun 30, 2023","€500k","Ekstraklasa"
"366","Dani Pacheco","Attacking Midfield","Jan 5, 1991","32","Spain",NA,168,"both","Mar 10, 2022","Aris Limassol","Jun 30, 2024","€350k","Ekstraklasa"
"367","Arsen Grosu","Attacking Midfield","Apr 13, 2001","21","Ukraine",NA,175,"right","Jul 17, 2021","Gornik Zabrze II","Jun 30, 2023","€25k","Ekstraklasa"
"368","Szymon Wlodarczyk","Centre-Forward","Jan 5, 2003","20","Poland",NA,191,"right","Jul 1, 2022","Legia Warszawa","Jun 30, 2025","€800k","Ekstraklasa"
"369","Piotr Krawczyk","Centre-Forward","Dec 29, 1994","28","Poland",NA,187,"left","Jul 1, 2019","Legionovia Legionowo","Jun 30, 2023","€350k","Ekstraklasa"
"370","Amadej Marosa","Centre-Forward","Feb 7, 1994","28","Slovenia",NA,177,"right","Aug 29, 2022","AEL Limassol","Jun 30, 2024","€350k","Ekstraklasa"
"371","Lukas Podolski","Centre-Forward","Jun 4, 1985","37","Germany","Poland",182,"left","Jul 6, 2021","Antalyaspor","Jun 30, 2023","€300k","Ekstraklasa"
"372","Mateusz Cholewiak","Centre-Forward","Feb 5, 1990","32","Poland",NA,184,"left","Jul 1, 2021","Legia Warszawa","Jun 30, 2023","€150k","Ekstraklasa"
"373","Krzysztof Kolanko","Centre-Forward","Aug 3, 2006","16","Poland",NA,NA,"right","Jul 26, 2022","Gornik Zabrze II","Jun 30, 2024","€50k","Ekstraklasa"
"374","Jan Ciucka","Centre-Forward","Jun 19, 2003","19","Poland",NA,181,"both","Jan 14, 2022","Rekord Bielsko-Biala","Jun 30, 2024","€25k","Ekstraklasa"
"375","Rafal Leszczynski","Goalkeeper","Apr 26, 1992","30","Poland",NA,187,"right","Jul 1, 2022","Chrobry Glogow","Jun 30, 2024","€400k","Ekstraklasa"
"376","Michal Szromnik","Goalkeeper","Mar 4, 1993","29","Poland",NA,190,"left","Aug 1, 2020","Chrobry Glogow","Jun 30, 2024","€300k","Ekstraklasa"
"377","Maksymilian Boruc","Goalkeeper","Nov 15, 2002","20","Poland","Sweden",195,"right","Jul 1, 2021","West Bromwich Albion U18","Jun 30, 2025","€50k","Ekstraklasa"
"378","Jozef Burta","Goalkeeper","Sep 20, 1999","23","Poland",NA,195," ","Jul 2, 2021","Piast Zmigrod","Jun 30, 2023","€25k","Ekstraklasa"
"379","Oskar Mielcarz","Goalkeeper","Apr 14, 2004","18","Poland",NA,198," ","Jul 13, 2022","Slask Wroclaw II","Jun 30, 2024","€25k","Ekstraklasa"
"380","Konrad Poprawa","Centre-Back","Jun 4, 1998","24","Poland",NA,185,"right","Jul 12, 2017","Slask Wroclaw II","Jun 30, 2025","€650k","Ekstraklasa"
"381","Daníel Leó Grétarsson","Centre-Back","Oct 2, 1995","27","Iceland",NA,185,"left","Jan 27, 2022","Blackpool FC","Jun 30, 2025","€550k","Ekstraklasa"
"382","Diogo Verdasca","Centre-Back","Oct 26, 1996","26","Portugal",NA,185,"right","Jul 1, 2021","Beitar Jerusalem","Jun 30, 2024","€250k","Ekstraklasa"
"383","Kacper Radkowski","Centre-Back","Mar 27, 2001","21","Poland",NA,194,"right","Jul 1, 2021","Zaglebie Sosnowiec","Jun 30, 2024","€50k","Ekstraklasa"
"384","Yegor Matsenko","Centre-Back","Jan 23, 2002","20","Ukraine",NA,188,"right","Jul 12, 2022","Slask Wroclaw II","Dec 31, 2024","€25k","Ekstraklasa"
"385","Mateusz Stawny","Centre-Back","Oct 23, 2003","19","Poland",NA,184," ","Oct 18, 2022","Slask Wroclaw II","Jun 30, 2024","€25k","Ekstraklasa"
"386","Olivier Wypart","Centre-Back","Jan 16, 2001","21","Poland",NA,182,"left","Dec 17, 2020","Slask Wroclaw II","Jun 30, 2024","€25k","Ekstraklasa"
"387","Matías Nahuel","Defensive Midfield","Nov 22, 1996","26","Spain","Argentina",172,"right","Jul 10, 2022","CD Tenerife","Jun 30, 2024","€600k","Ekstraklasa"
"388","Michal Rzuchowski","Defensive Midfield","Dec 27, 1993","29","Poland",NA,176,"right","Jul 1, 2022","Chrobry Glogow","Jun 30, 2024","€150k","Ekstraklasa"
"389","Javier Hyjek","Defensive Midfield","Jan 12, 2001","21","Poland","Spain",178,"right","Jul 1, 2021","Piast Gliwice","Jun 30, 2024","€100k","Ekstraklasa"
"390","Adrian Bukowski","Defensive Midfield","Mar 18, 2003","19","Poland",NA,188," ","Jan 1, 2021","Zaglebie Lubin II","Jun 30, 2023","€75k","Ekstraklasa"
"391","Szymon Michalski","Defensive Midfield","Mar 8, 2004","18","Poland",NA,192,"right","Feb 2, 2022","Slask Wroclaw II","Jun 30, 2024","€50k","Ekstraklasa"
"392","Filip Gryglak","Defensive Midfield","Sep 2, 2004","18","Poland",NA,180,"right","Dec 17, 2021","Slask Wroclaw II","-","€25k","Ekstraklasa"
"393","Patrick Olsen","Central Midfield","Apr 23, 1994","28","Denmark",NA,178,"right","Feb 15, 2022","Aarhus GF","Jun 30, 2025","€900k","Ekstraklasa"
"394","Petr Schwarz","Central Midfield","Nov 12, 1991","31","Czech Republic",NA,174,"right","Jul 1, 2021","Rakow Czestochowa","Jun 30, 2023","€550k","Ekstraklasa"
"395","Lukasz Bejger","Right Midfield","Jan 11, 2002","20","Poland",NA,190,"right","Jan 23, 2021","Manchester United U23","Jun 30, 2025","€500k","Ekstraklasa"
"396","Patryk Janasik","Right Midfield","Aug 25, 1997","25","Poland",NA,178,"right","Aug 1, 2020","Odra Opole","Jun 30, 2024","€400k","Ekstraklasa"
"397","Martin Konczkowski","Right Midfield","Sep 14, 1993","29","Poland",NA,181,"right","Jul 1, 2022","Piast Gliwice","Jun 30, 2024","€300k","Ekstraklasa"
"398","Víctor García","Left Midfield","May 31, 1994","28","Spain",NA,180,"left","Jul 1, 2021","CD Castellón","Jun 30, 2024","€550k","Ekstraklasa"
"399","John Yeboah","Attacking Midfield","Jun 23, 2000","22","Germany","Ghana",170,"left","Jul 1, 2022","Willem II Tilburg","Jun 30, 2025","€600k","Ekstraklasa"
"400","Dennis Jastrzembski","Attacking Midfield","Feb 20, 2000","22","Germany","Poland",180,"left","Jan 25, 2022","Hertha BSC","Jun 30, 2025","€400k","Ekstraklasa"
"401","Adrian Lyszczarz","Attacking Midfield","Aug 22, 1999","23","Poland",NA,178,"right","Feb 8, 2017","Slask Wroclaw II","Jun 30, 2023","€300k","Ekstraklasa"
"402","Karol Borys","Attacking Midfield","Sep 28, 2006","16","Poland",NA,167,"left","May 20, 2022","Slask Wroclaw II","Jun 30, 2023","€250k","Ekstraklasa"
"403","Piotr Samiec-Talar","Attacking Midfield","Nov 2, 2001","21","Poland",NA,181,"left","Jul 18, 2018","Slask Wroclaw U19","Jun 30, 2023","€250k","Ekstraklasa"
"404","Marcel Zylla","Attacking Midfield","Jan 14, 2000","22","Poland","Germany",178,"right","Sep 8, 2020","FC Bayern Munich II","Jun 30, 2024","€100k","Ekstraklasa"
"405","Przemyslaw Bargiel","Attacking Midfield","Mar 26, 2000","22","Poland",NA,179,"right","Sep 2, 2019","Milan Primavera","Jun 30, 2024","€50k","Ekstraklasa"
"406","Erik Expósito","Centre-Forward","Jun 23, 1996","26","Spain",NA,190,"left","Jul 1, 2019","Las Palmas Atlético","Jun 30, 2024","€1.00m","Ekstraklasa"
"407","Caye Quintana","Centre-Forward","Dec 20, 1993","29","Spain",NA,180,"right","Jul 10, 2021","Cádiz CF","Jun 30, 2024","€150k","Ekstraklasa"
"408","Jakub Lutostanski","Centre-Forward","Sep 17, 2004","18","Poland",NA,NA," ","Jul 1, 2022","Jagiellonia Bialystok","Jun 30, 2025","€150k","Ekstraklasa"
"409","Sebastian Bergier","Centre-Forward","Dec 20, 1999","23","Poland",NA,185,"right","Nov 23, 2017","Slask Wroclaw II","Jun 30, 2023","€100k","Ekstraklasa"
"410","Adrian Lis","Goalkeeper","May 28, 1992","30","Poland",NA,192,"right","Jul 1, 2017","Polonia Sroda Wielkopolska","Jun 30, 2023","€450k","Ekstraklasa"
"411","Jedrzej Grobelny","Goalkeeper","Jun 28, 2001","21","Poland",NA,190," ","Jul 1, 2021","Pogon Szczecin","Jun 30, 2024","€300k","Ekstraklasa"
"412","Patryk Prange","Goalkeeper","Jul 5, 2002","20","Poland",NA,187," ","Jul 19, 2021","Warta Poznan U19","Jun 30, 2024","€25k","Ekstraklasa"
"413","Mateusz Kustosz","Goalkeeper","Jan 13, 2003","19","Poland",NA,NA," ","Oct 4, 2019","Warta Poznan U19","Jun 30, 2023","€25k","Ekstraklasa"
"414","Dimitrios Stavropoulos","Centre-Back","May 1, 1997","25","Greece",NA,191,"right","Jul 5, 2022","Reggina 1914","Jun 30, 2024","€800k","Ekstraklasa"
"415","Robert Ivanov","Centre-Back","Sep 19, 1994","28","Finland",NA,197,"right","Sep 1, 2020","FC Honka","Jun 30, 2023","€650k","Ekstraklasa"
"416","Dawid Szymonowicz","Centre-Back","Jul 7, 1995","27","Poland",NA,185,"right","Oct 20, 2021","Without Club","Jun 30, 2024","€600k","Ekstraklasa"
"417","Kamil Koscielny","Centre-Back","Aug 4, 1991","31","Poland",NA,185,"right","Jul 1, 2022","Puszcza Niepolomice","Jun 30, 2024","€200k","Ekstraklasa"
"418","Wiktor Plesnierowicz","Centre-Back","Mar 29, 2001","21","Poland",NA,186," ","Jul 1, 2021","Miedz Legnica","Jun 30, 2024","€100k","Ekstraklasa"
"419","Bartosz Kieliba","Centre-Back","Aug 1, 1990","32","Poland",NA,188,"right","Jan 1, 2016","Jarota Jarocin","Jun 30, 2023","€50k","Ekstraklasa"
"420","Maciej Zurawski","Defensive Midfield","Dec 22, 2000","22","Poland",NA,184,"right","Jul 20, 2022","Pogon Szczecin","Jun 30, 2024","€550k","Ekstraklasa"
"421","Mateusz Kupczak","Defensive Midfield","Feb 20, 1992","30","Poland",NA,187,"right","Jul 17, 2019","Bruk-Bet Termalica Nieciecza","Jun 30, 2024","€350k","Ekstraklasa"
"422","Michal Kopczynski","Defensive Midfield","Jun 15, 1992","30","Poland",NA,180,"both","Aug 20, 2020","Arka Gdynia","Jun 30, 2024","€300k","Ekstraklasa"
"423","Maksymilian Pogonowski","Defensive Midfield","Jan 30, 2004","18","Poland",NA,NA," ","Jun 30, 2022","Polonia Sroda Wielkopolska","-","€25k","Ekstraklasa"
"424","Jakub Paszkowski","Defensive Midfield","Sep 16, 2006","16","Poland",NA,NA," ","Jul 29, 2022","Wigry Suwalki II","-","€25k","Ekstraklasa"
"425","Jan Grzesik","Right Midfield","Oct 21, 1994","28","Poland",NA,178,"right","Aug 24, 2020","LKS Lodz","Jun 30, 2023","€700k","Ekstraklasa"
"426","Konrad Matuszewski","Left Midfield","Oct 4, 2001","21","Poland",NA,182,"left","Jul 15, 2021","Legia Warsaw II","Jun 30, 2024","€550k","Ekstraklasa"
"427","Jakub Kielb","Left Midfield","Jul 15, 1993","29","Poland",NA,176,"left","Jul 29, 2016","Jarota Jarocin","Jun 30, 2023","€300k","Ekstraklasa"
"428","Miguel Luís","Attacking Midfield","Feb 27, 1999","23","Portugal",NA,178,"right","Jul 27, 2022","Rakow Czestochowa","Jun 30, 2025","€600k","Ekstraklasa"
"429","Kajetan Szmyt","Attacking Midfield","May 29, 2002","20","Poland",NA,171," ","Mar 12, 2019","Warta Poznan Youth","Dec 31, 2023","€500k","Ekstraklasa"
"430","Niilo Mäenpää","Attacking Midfield","Jan 14, 1998","24","Finland",NA,180,"right","Jan 1, 2022","IFK Mariehamn","Jun 30, 2024","€400k","Ekstraklasa"
"431","Milosz Szczepanski","Attacking Midfield","Mar 22, 1998","24","Poland",NA,168,"right","Jan 20, 2022","Lechia Gdansk","Jun 30, 2023","€250k","Ekstraklasa"
"432","Michal Jakobowski","Attacking Midfield","Sep 8, 1992","30","Poland",NA,170,"both","Jan 7, 2019","Bytovia Bytow","Jun 30, 2023","€100k","Ekstraklasa"
"433","Enis Destan","Centre-Forward","Jun 15, 2002","20","Turkey",NA,185,"right","Aug 5, 2022","Trabzonspor","Jun 30, 2023","€900k","Ekstraklasa"
"434","Adam Zrelak","Centre-Forward","May 5, 1994","28","Slovakia",NA,183,"left","Feb 11, 2021","1.FC Nuremberg","Jun 30, 2025","€800k","Ekstraklasa"
"435","Szymon Sarbinowski","Centre-Forward","Mar 24, 2004","18","Poland",NA,170," ","Jul 14, 2022","Warta Poznan U19","-","€25k","Ekstraklasa"
"436","Bartosz Mrozek","Goalkeeper","Feb 23, 2000","22","Poland",NA,191,"right","May 12, 2022","Lech Poznan","Jun 30, 2023","€600k","Ekstraklasa"
"437","Mateusz Kochalski","Goalkeeper","Jul 25, 2000","22","Poland",NA,190," ","Jul 1, 2022","Legia Warszawa","Jun 30, 2025","€200k","Ekstraklasa"
"438","Mateusz Dudek","Goalkeeper","Dec 14, 2002","20","Poland",NA,186,"right","Jul 19, 2019","Stal Mielec II","Jun 30, 2024","€25k","Ekstraklasa"
"439","Kamil Kruk","Centre-Back","Mar 13, 2000","22","Poland",NA,185," ","Jul 3, 2022","Zaglebie Lubin","Jun 30, 2023","€600k","Ekstraklasa"
"440","Marcin Flis","Centre-Back","Feb 10, 1994","28","Poland",NA,185,"left","Aug 18, 2020","Sandecja Nowy Sacz","Jun 30, 2023","€500k","Ekstraklasa"
"441","Mateusz Matras","Centre-Back","Jan 23, 1991","31","Poland",NA,193,"right","Aug 20, 2020","Górnik Zabrze","Jun 30, 2023","€500k","Ekstraklasa"
"442","Arkadiusz Kasperkiewicz","Centre-Back","Sep 29, 1994","28","Poland",NA,187,"right","Jan 14, 2022","Arka Gdynia","Jun 30, 2023","€500k","Ekstraklasa"
"443","Dominykas Barauskas","Centre-Back","Apr 18, 1997","25","Lithuania",NA,188,"left","Jul 1, 2022","FK Riteriai","Jun 30, 2023","€300k","Ekstraklasa"
"444","Leandro","Centre-Back","Dec 29, 1983","39","Brazil","Poland",183,"left","Jul 1, 2022","Gornik Leczna","Jun 30, 2023","€25k","Ekstraklasa"
"445","Piotr Wlazlo","Defensive Midfield","Jun 3, 1989","33","Poland",NA,184,"right","Jul 1, 2022","Bruk-Bet Termalica Nieciecza","Jun 30, 2024","€300k","Ekstraklasa"
"446","Fryderyk Gerbowski","Central Midfield","Jan 17, 2003","19","Poland",NA,181," ","Aug 3, 2022","Wisla Plock","Jun 30, 2023","€600k","Ekstraklasa"
"447","Pawel Zyra","Central Midfield","Apr 7, 1998","24","Poland",NA,178,"both","Jul 1, 2022","Bruk-Bet Termalica Nieciecza","Jun 30, 2024","€250k","Ekstraklasa"
"448","Konrad Guca","Central Midfield","Aug 18, 2003","19","Poland",NA,NA," ","Sep 21, 2021","Stal Mielec II","-","€25k","Ekstraklasa"
"449","Michael Wyparlo","Central Midfield","Sep 25, 2003","19","Poland","United States",190,"right","Jan 27, 2021","Stal Mielec II","Jun 30, 2023","€25k","Ekstraklasa"
"450","Adrian Sobon","Central Midfield","Dec 20, 2002","20","Poland",NA,170," ","Jul 26, 2022","Stal Mielec II","Jun 30, 2023","€25k","Ekstraklasa"
"451","Maciej Wolski","Right Midfield","Mar 29, 1997","25","Poland",NA,176,"right","Jul 1, 2022","LKS Lodz","Jun 30, 2024","€350k","Ekstraklasa"
"452","Fabian Hiszpanski","Right Midfield","Oct 26, 1993","29","Poland",NA,172,"both","Jul 5, 2022","Arka Gdynia","Jun 30, 2023","€300k","Ekstraklasa"
"453","Krystian Kardys","Right Midfield","Aug 3, 2002","20","Poland",NA,179,"right","Jul 11, 2022","Stal Mielec II","Jun 30, 2024","€50k","Ekstraklasa"
"454","Krystian Getinger","Left Midfield","Aug 29, 1988","34","Poland",NA,188,"left","Jul 11, 2013",": Ablöse free transfer","Jun 30, 2023","€300k","Ekstraklasa"
"455","Maciej Domanski","Attacking Midfield","Sep 5, 1990","32","Poland",NA,167,"right","Jan 29, 2020","Rakow Czestochowa","Jun 30, 2023","€400k","Ekstraklasa"
"456","Mateusz Mak","Attacking Midfield","Nov 14, 1991","31","Poland",NA,178,"right","Jul 30, 2019","Piast Gliwice","Jun 30, 2023","€250k","Ekstraklasa"
"457","Bartlomiej Ciepiela","Attacking Midfield","May 24, 2001","21","Poland",NA,182," ","Jul 1, 2022","Legia Warszawa","Jun 30, 2023","€100k","Ekstraklasa"
"458","Saïd Hamulic","Centre-Forward","Nov 12, 2000","22","Netherlands","Bosnia-Herzegovina",188,"right","Jul 12, 2022","DFK Dainava Alytus","Jun 30, 2024","€1.50m","Ekstraklasa"
"459","Mikolaj Lebedynski","Centre-Forward","Oct 14, 1990","32","Poland",NA,185,"right","Jul 1, 2022","Chrobry Glogow","Jun 30, 2024","€150k","Ekstraklasa"
"460","Kamil Duszkiewicz","Centre-Forward","Mar 5, 2002","20","Poland",NA,187,"right","Jul 15, 2021","Stal Mielec II","Jun 30, 2023","€25k","Ekstraklasa"
"461","Milosz Zurawski","Midfield","Apr 17, 2006","16","Poland",NA,NA," ","May 20, 2022","Radomiak Radom U19","-","€25k","Ekstraklasa"
"462","Jozef Kolasa","Midfield","Aug 29, 2004","18","Poland",NA,NA," ","Aug 29, 2022","Radomiak Radom II","-","€25k","Ekstraklasa"
"463","Gabriel Kobylak","Goalkeeper","Feb 20, 2002","20","Poland",NA,193,"both","Jul 1, 2022","Legia Warsaw II","-","€500k","Ekstraklasa"
"464","Jakub Ojrzynski","Goalkeeper","Feb 19, 2003","19","Poland",NA,196,"right","Jul 1, 2022","Liverpool FC U21","Jun 30, 2023","€50k","Ekstraklasa"
"465","Albert Posiadała","Goalkeeper","Feb 25, 2003","19","Poland","Guinea-Bissau",193," ","Mar 2, 2022","Swit Nowy Dwor Mazowiecki","Jun 30, 2024","-","Ekstraklasa"
"466","Pedro Justiniano","Centre-Back","Apr 18, 2000","22","Portugal","Brazil",190,"right","Jul 10, 2022","Académica Coimbra","Jun 30, 2025","€500k","Ekstraklasa"
"467","Raphael Rossi","Centre-Back","Jul 25, 1990","32","Italy",NA,190,"right","Jul 24, 2021","FC Sion","Jun 30, 2024","€450k","Ekstraklasa"
"468","Mateusz Cichocki","Centre-Back","Jan 31, 1992","30","Poland",NA,187,"right","Jul 1, 2019","Zaglebie Sosnowiec","Dec 31, 2024","€400k","Ekstraklasa"
"469","Dawid Abramowicz","Left-Back","May 16, 1991","31","Poland",NA,186,"left","Jan 29, 2021","Wisla Kraków","Jun 30, 2025","€600k","Ekstraklasa"
"470","Aleksander Gajgier","Left-Back","Aug 11, 2003","19","Poland",NA,193,"left","Jul 1, 2022","MKS Polonia Warsaw U19","Jun 30, 2024","€25k","Ekstraklasa"
"471","Dariusz Pawlowski","Right-Back","Feb 25, 1999","23","Poland",NA,184,"right","Jul 1, 2022","Górnik Zabrze","Jun 30, 2025","€250k","Ekstraklasa"
"472","Damian Jakubik","Right-Back","Mar 25, 1990","32","Poland",NA,183,"right","Jul 4, 2017","Znicz Pruszkow","Jun 30, 2023","€150k","Ekstraklasa"
"473","Luizão","Defensive Midfield","Feb 20, 1998","24","Brazil",NA,184,"right","Feb 18, 2022","Vorskla Poltava","Jun 30, 2025","€250k","Ekstraklasa"
"474","Tiago Matos","Defensive Midfield","Jan 22, 2001","21","Portugal",NA,178,"right","Aug 31, 2021","FC Porto B","Jun 30, 2024","€150k","Ekstraklasa"
"475","Daniel Lukasik","Defensive Midfield","Apr 28, 1991","31","Poland","Poland",180,"right","Feb 11, 2022","MKE Ankaragücü","Jun 30, 2023","€150k","Ekstraklasa"
"476","Nikolas Korzeniecki","Defensive Midfield","Sep 26, 2001","21","Canada",NA,186," ","Aug 26, 2022","Zaglebie Sosnowiec","-","€50k","Ekstraklasa"
"477","Filipe Nascimento","Central Midfield","Jan 7, 1995","28","Portugal",NA,175,"left","Feb 21, 2021","Without Club","Jun 30, 2023","€800k","Ekstraklasa"
"478","Thabo Cele","Central Midfield","Jan 15, 1997","25","South Africa",NA,178,"right","Oct 12, 2021","Without Club","Jun 30, 2023","€650k","Ekstraklasa"
"479","Jakub Nowakowski","Central Midfield","Oct 11, 2001","21","Poland",NA,176," ","Jul 1, 2018","Radomiak Radom U19","Jun 30, 2025","€100k","Ekstraklasa"
"480","Jakub Snopczynski","Central Midfield","Jul 5, 2005","17","Poland",NA,174," ","Nov 25, 2021","Radomiak Radom U19","Jun 30, 2023","€25k","Ekstraklasa"
"481","Roberto Alves","Attacking Midfield","Jun 8, 1997","25","Switzerland","Portugal",180,"left","Jul 1, 2022","FC Winterthur","Jun 30, 2025","€600k","Ekstraklasa"
"482","Berto Cayarga","Left Winger","Sep 17, 1996","26","Spain",NA,170,"right","Jan 3, 2023","Without Club","Jun 30, 2023","€400k","Ekstraklasa"
"483","Luís Machado","Left Winger","Nov 4, 1992","30","Portugal",NA,171,"right","Jul 1, 2021","NorthEast United FC","Jun 30, 2024","€400k","Ekstraklasa"
"484","Franciszek Wroblewski","Left Winger","Oct 10, 2000","22","Poland",NA,176,"right","Feb 19, 2022","Pogon Siedlce ","Jun 30, 2023","€25k","Ekstraklasa"
"485","Lisandro Semedo","Right Winger","Mar 12, 1996","26","Cape Verde","Portugal",175,"right","Jul 9, 2022","Fortuna Sittard","Jun 30, 2024","€350k","Ekstraklasa"
"486","Leândro","Right Winger","Nov 26, 1988","34","Brazil","Poland",175,"left","Jul 16, 2012","Zawisza Rzgow","Dec 31, 2024","€150k","Ekstraklasa"
"487","Daniel Pik","Right Winger","Jul 20, 2000","22","Poland",NA,177,"right","Jul 1, 2022","Cracovia","Jun 30, 2024","€150k","Ekstraklasa"
"488","Michal Feliks","Centre-Forward","Mar 19, 1999","23","Poland",NA,186,"right","Jul 1, 2022","Garbarnia Krakow","Jun 30, 2025","€200k","Ekstraklasa"
"489","Dominik Sokol","Centre-Forward","May 16, 1999","23","Poland",NA,185,"right","Jan 1, 2017","Bron Radom","Jun 30, 2023","€100k","Ekstraklasa"
"490","Jean Franco Sarmiento","Centre-Forward","Feb 7, 1997","25","Colombia",NA,182," ","Jan 3, 2023","Pogon Grodzisk Mazowiecki","-","€25k","Ekstraklasa"
"491","Kacper Chmielewski","Attack","Oct 16, 2004","18","Poland",NA,181," ","May 19, 2022","Miedz Legnica II","-","€25k","Ekstraklasa"
"492","Kacper Klimkiewicz","Midfield","Jul 28, 2005","17","Poland",NA,NA," ","May 19, 2022","Miedz Legnica II","Jun 30, 2025","€25k","Ekstraklasa"
"493","Korneliusz Karolczak","Midfield","Mar 12, 2004","18","Poland",NA,172," ","Feb 24, 2021","Miedz Legnica II","Jun 30, 2023","€25k","Ekstraklasa"
"494","Mateusz Abramowicz","Goalkeeper","Nov 8, 1992","30","Poland",NA,186,"right","Jul 23, 2021","TSV Eintracht Stadtallendorf","Jun 30, 2024","€200k","Ekstraklasa"
"495","Pawel Lenarcik","Goalkeeper","Mar 21, 1995","27","Poland",NA,190,"right","Jan 1, 2021","GKS Belchatow","Jun 30, 2024","€150k","Ekstraklasa"
"496","Alan Madalinski","Goalkeeper","Aug 10, 2005","17","Poland",NA,188," ","Feb 26, 2021","Miedz Legnica U19","Jun 30, 2024","€50k","Ekstraklasa"
"497","Levent Gülen","Centre-Back","Feb 24, 1994","28","Switzerland","Turkey",186,"right","Jul 1, 2022","Volos NPS","Jun 30, 2024","€200k","Ekstraklasa"
"498","Nemanja Mijuskovic","Centre-Back","Mar 4, 1992","30","Montenegro","Serbia",185,"right","Jul 1, 2019","FC Hermannstadt","Jun 30, 2024","€200k","Ekstraklasa"
"499","Jon Aurtenetxe","Centre-Back","Jan 3, 1992","31","Spain",NA,183,"left","Jul 2, 2021","Las Rozas CF","Jun 30, 2023","€150k","Ekstraklasa"
"500","Mateusz Letkiewicz","Centre-Back","May 7, 2004","18","Poland",NA,184,"right","Apr 1, 2022","Miedz Legnica II","Jun 30, 2024","€25k","Ekstraklasa"
"501","Kacper Jozefiak","Centre-Back","Jan 3, 2001","22","Poland",NA,196," ","Jan 1, 2023","Siarka Tarnobrzeg","Jun 30, 2024","-","Ekstraklasa"
"502","Hubert Matynia","Left-Back","Nov 4, 1995","27","Poland",NA,181,"both","Jul 1, 2022","Pogon Szczecin","Jun 30, 2024","€300k","Ekstraklasa"
"503","Jurich Carolina","Left-Back","Jul 15, 1998","24","Curacao","Netherlands",178,"left","Jul 1, 2021","Stomil Olsztyn","Jun 30, 2024","€200k","Ekstraklasa"
"504","Giannis Masouras","Right-Back","Aug 24, 1996","26","Greece",NA,181,"right","Jan 4, 2023","Olympiacos Piraeus","Jun 30, 2024","€450k","Ekstraklasa"
"505","Carlos Julio Martínez","Right-Back","Feb 4, 1994","28","Dominican Republic","Spain",174,"right","Aug 14, 2021","CD Mirandés","Jun 30, 2023","€250k","Ekstraklasa"
"506","Michael Kostka","Right-Back","Dec 13, 2003","19","Germany","Poland",183,"both","Jul 1, 2022","RasenBallsport Leipzig U19","Jun 30, 2025","€250k","Ekstraklasa"
"507","Michal Pojasek","Right-Back","Jun 14, 1998","24","Poland",NA,184,"right","Jul 15, 2021","Miedz Legnica II","Jun 30, 2023","€25k","Ekstraklasa"
"508","Santiago Naveda","Defensive Midfield","Apr 16, 2001","21","Mexico",NA,180,"right","Aug 9, 2022","CF América","Jun 30, 2023","€600k","Ekstraklasa"
"509","Chuca","Defensive Midfield","Jun 10, 1997","25","Spain",NA,181,"right","Aug 27, 2021","Wisla Kraków","Jun 30, 2023","€400k","Ekstraklasa"
"510","Szymon Matuszek","Defensive Midfield","Jan 7, 1989","34","Poland",NA,185,"right","Aug 4, 2020","Górnik Zabrze","Jun 30, 2023","€100k","Ekstraklasa"
"511","Damian Tront","Defensive Midfield","Oct 27, 1994","28","Poland",NA,173," ","Aug 11, 2020","GKS Jastrzebie","Jun 30, 2023","€100k","Ekstraklasa"
"512","Hamza Bahaid","Defensive Midfield","Jan 5, 2000","23","Belgium","Morocco",178,"right","Jul 15, 2021","Miedz Legnica II","Jun 30, 2023","€50k","Ekstraklasa"
"513","Maxime Dominguez","Attacking Midfield","Feb 1, 1996","26","Switzerland","Spain",173,"left","Jul 10, 2021",": Ablöse free transfer","Jun 30, 2023","€400k","Ekstraklasa"
"514","Mehdi Lehaire","Attacking Midfield","Jan 22, 2000","22","Belgium","France",185,"right","Aug 18, 2020",": Ablöse free transfer","Jun 30, 2025","€150k","Ekstraklasa"
"515","Dawid Drachal","Attacking Midfield","Jan 31, 2005","17","Poland",NA,182,"both","Sep 1, 2022","FCB Escola Varsovia U19","Jun 30, 2025","€100k","Ekstraklasa"
"516","Blazej Szczepanek","Attacking Midfield","Mar 20, 2001","21","Poland",NA,177,"right","Oct 28, 2022","Miedz Legnica II","Jun 30, 2023","€25k","Ekstraklasa"
"517","Tomasz Mamis","Attacking Midfield","Jul 22, 2002","20","Poland",NA,177,"both","Sep 20, 2021","Miedz Legnica II","Jun 30, 2024","€25k","Ekstraklasa"
"518","Igor Lewandowski","Attacking Midfield","Oct 9, 2001","21","Poland",NA,176," ","Sep 28, 2020","Miedz Legnica II","-","€25k","Ekstraklasa"
"519","Olaf Kobacki","Left Winger","Jul 10, 2001","21","Poland",NA,178,"right","Jul 5, 2022","Arka Gdynia","Jun 30, 2023","€450k","Ekstraklasa"
"520","Luciano Narsingh","Right Winger","Sep 13, 1990","32","Netherlands","Suriname",175,"right","Jul 20, 2022","Sydney FC","Jun 30, 2023","€400k","Ekstraklasa"
"521","Maciej Sliwa","Right Winger","May 22, 2001","21","Poland",NA,175,"right","Jul 1, 2019","Wisla Kraków","Jun 30, 2023","€200k","Ekstraklasa"
"522","Ángelo Henríquez","Centre-Forward","Apr 13, 1994","28","Chile",NA,175,"right","Jul 1, 2022","Fortaleza Esporte Clube","Jun 30, 2025","€700k","Ekstraklasa"
"523","Koldo Obieta","Centre-Forward","Oct 8, 1993","29","Spain",NA,187,"right","Jul 1, 2022","SD Amorebieta","Jun 30, 2024","€250k","Ekstraklasa"
"524","Kamil Zapolnik","Centre-Forward","Sep 9, 1992","30","Poland",NA,182,"both","Aug 4, 2020","Górnik Zabrze","Jun 30, 2023","€150k","Ekstraklasa"
"525","Hubert Kwolek","Centre-Forward","Apr 26, 2004","18","Poland",NA,180," ","Dec 3, 2020","Miedz Legnica U19","Jun 30, 2023","€25k","Ekstraklasa"
"526","Marcel Zapytowski","Goalkeeper","Jan 8, 2001","22","Poland",NA,187," ","Jan 25, 2021","Resovia Rzeszów","Jun 30, 2024","€200k","Ekstraklasa"
"527","Konrad Forenc","Goalkeeper","Jul 17, 1992","30","Poland",NA,191,"left","Jul 14, 2021","Zaglebie Lubin","Jun 30, 2023","€150k","Ekstraklasa"
"528","Adrian Sandach","Goalkeeper","May 19, 2004","18","Poland",NA,190," ","Aug 13, 2020","Korona Kielce U19","Jun 30, 2023","€25k","Ekstraklasa"
"529","Rafal Mamla","Goalkeeper","Dec 22, 2003","19","Poland",NA,195," ","Aug 1, 2022","Korona Kielce II","Jun 30, 2024","€25k","Ekstraklasa"
"530","Milosz Trojak","Centre-Back","May 5, 1994","28","Poland",NA,191,"right","Jul 1, 2022","Odra Opole","Jun 30, 2024","€500k","Ekstraklasa"
"531","Kyrylo Petrov","Centre-Back","Jun 22, 1990","32","Ukraine",NA,186,"right","Apr 6, 2022","Kolos Kovalivka","Jun 30, 2023","€250k","Ekstraklasa"
"532","Bartosz Kwiecien","Centre-Back","May 7, 1994","28","Poland",NA,189,"right","Jan 1, 2023","Resovia Rzeszów","Jun 30, 2024","€200k","Ekstraklasa"
"533","Dominick Zator","Centre-Back","Sep 18, 1994","28","Canada","Poland",188,"right","Jan 1, 2023","York United FC","Jun 30, 2024","€175k","Ekstraklasa"
"534","Piotr Malarczyk","Centre-Back","Aug 1, 1991","31","Poland",NA,189,"right","Jul 1, 2021","Piast Gliwice","Jun 30, 2024","€100k","Ekstraklasa"
"535","Radoslaw Sewerys","Centre-Back","Jan 10, 2004","19","Poland",NA,190,"left","Dec 18, 2019","Korona Kielce U19","Jun 30, 2023","€50k","Ekstraklasa"
"536","Roberto Corral","Left-Back","Sep 14, 1997","25","Spain",NA,182,"left","Jan 22, 2022","Without Club","Jun 30, 2023","€200k","Ekstraklasa"
"537","Sasa Balic","Left-Back","Jan 29, 1990","32","Montenegro","Croatia",185,"left","Jul 1, 2022","Zaglebie Lubin","Jun 30, 2023","€100k","Ekstraklasa"
"538","Dawid Lisowski","Left-Back","Jan 27, 2001","21","Poland",NA,177,"left","Feb 4, 2020","Korona Kielce II","Jun 30, 2023","€25k","Ekstraklasa"
"539","Adrian Danek","Right-Back","Aug 1, 1994","28","Poland",NA,180,"right","Jul 2, 2021","Sandecja Nowy Sacz","Jun 30, 2023","€250k","Ekstraklasa"
"540","Marcin Szpakowski","Defensive Midfield","Sep 26, 2001","21","Poland",NA,182,"right","Feb 24, 2021","Slask Wroclaw","Jun 30, 2024","€300k","Ekstraklasa"
"541","Dalibor Takac","Central Midfield","Oct 11, 1997","25","Slovakia",NA,178," ","Jan 18, 2022","MFK Ruzomberok","Jun 30, 2024","€250k","Ekstraklasa"
"542","Adam Deja","Central Midfield","Jun 24, 1993","29","Poland",NA,185,"right","Jul 1, 2022","Arka Gdynia","Jun 30, 2024","€250k","Ekstraklasa"
"543","Jakub Lukowski","Attacking Midfield","May 25, 1996","26","Poland",NA,172,"right","Feb 26, 2021","Miedz Legnica","Jun 30, 2024","€650k","Ekstraklasa"
"544","Ronaldo Deaconu","Attacking Midfield","May 13, 1997","25","Romania",NA,182,"left","Jul 28, 2022","Shaanxi Chang'an Athletic","Jun 30, 2024","€400k","Ekstraklasa"
"545","Oskar Sewerzynski","Attacking Midfield","Aug 12, 2001","21","Poland",NA,186," ","Feb 6, 2019","Korona Kielce U19","Jun 30, 2024","€350k","Ekstraklasa"
"546","Kacper Bojanczyk","Attacking Midfield","Jan 4, 2005","18","Poland",NA,175," ","Feb 17, 2022","Korona Kielce II","Jun 30, 2024","€25k","Ekstraklasa"
"547","Nono","Left Winger","May 28, 1991","31","Spain",NA,170,"right","Jan 1, 2023","Without Club","Jun 30, 2024","€300k","Ekstraklasa"
"548","Dawid Blanik","Right Winger","Apr 15, 1997","25","Poland",NA,173,"right","Sep 1, 2021","Sandecja Nowy Sacz","Jun 30, 2023","€550k","Ekstraklasa"
"549","Jacek Podgorski","Right Winger","Jun 23, 1996","26","Poland",NA,180,"right","Aug 11, 2020","Chojniczanka Chojnice","Jun 30, 2024","€250k","Ekstraklasa"
"550","Jacek Kielb","Right Winger","Jan 10, 1988","35","Poland",NA,183,"right","Feb 6, 2020","Bruk-Bet Termalica Nieciecza","Jun 30, 2024","€100k","Ekstraklasa"
"551","Szymon Majewski","Right Winger","May 31, 2003","19","Poland",NA,174,"both","Feb 17, 2022","Korona Kielce II","Jun 30, 2024","€25k","Ekstraklasa"
"552","Bartosz Spiaczka","Centre-Forward","Aug 19, 1991","31","Poland",NA,184,"right","Jul 1, 2022","Gornik Leczna","Jun 30, 2024","€350k","Ekstraklasa"
"553","Evgeniy Shikavka","Centre-Forward","Oct 15, 1992","30","Belarus",NA,185,"right","Jan 26, 2022","Shakhter Karaganda","Jun 30, 2023","€150k","Ekstraklasa"
"554","Adam Fraczczak","Centre-Forward","Aug 7, 1987","35","Poland",NA,182,"both","Jul 1, 2021","Pogon Szczecin","Jun 30, 2023","€50k","Ekstraklasa"
"555","Hubert Szulc","Centre-Forward","Aug 27, 2004","18","Poland",NA,189,"left","Jul 1, 2022","Lech Poznan II","Jun 30, 2024","€25k","Ekstraklasa"
